Days,Timestamp,market_price,max_peaks_idx,drawdown,MaxDrawdown,Scene,days_scene_idx,Tag
0,3-Jan-09,0,0, -   , -   ,,,Unknown
1,6-Jan-09,0,0, -   , -   ,,,Unknown
2,9-Jan-09,0,0, -   , -   ,,,Unknown
3,12-Jan-09,0,0, -   , -   ,,,Unknown
4,15-Jan-09,0,0, -   , -   ,,,Unknown
5,18-Jan-09,0,0, -   , -   ,,,Unknown
6,21-Jan-09,0,0, -   , -   ,,,Unknown
7,24-Jan-09,0,0, -   , -   ,,,Unknown
8,27-Jan-09,0,0, -   , -   ,,,Unknown
9,30-Jan-09,0,0, -   , -   ,,,Unknown
10,2-Feb-09,0,0, -   , -   ,,,Unknown
11,5-Feb-09,0,0, -   , -   ,,,Unknown
12,8-Feb-09,0,0, -   , -   ,,,Unknown
13,11-Feb-09,0,0, -   , -   ,,,Unknown
14,14-Feb-09,0,0, -   , -   ,,,Unknown
15,17-Feb-09,0,0, -   , -   ,,,Unknown
16,20-Feb-09,0,0, -   , -   ,,,Unknown
17,23-Feb-09,0,0, -   , -   ,,,Unknown
18,26-Feb-09,0,0, -   , -   ,,,Unknown
19,1-Mar-09,0,0, -   , -   ,,,Unknown
20,4-Mar-09,0,0, -   , -   ,,,Unknown
21,7-Mar-09,0,0, -   , -   ,,,Unknown
22,10-Mar-09,0,0, -   , -   ,,,Unknown
23,13-Mar-09,0,0, -   , -   ,,,Unknown
24,16-Mar-09,0,0, -   , -   ,,,Unknown
25,19-Mar-09,0,0, -   , -   ,,,Unknown
26,22-Mar-09,0,0, -   , -   ,,,Unknown
27,25-Mar-09,0,0, -   , -   ,,,Unknown
28,28-Mar-09,0,0, -   , -   ,,,Unknown
29,31-Mar-09,0,0, -   , -   ,,,Unknown
30,3-Apr-09,0,0, -   , -   ,,,Unknown
31,6-Apr-09,0,0, -   , -   ,,,Unknown
32,9-Apr-09,0,0, -   , -   ,,,Unknown
33,12-Apr-09,0,0, -   , -   ,,,Unknown
34,15-Apr-09,0,0, -   , -   ,,,Unknown
35,18-Apr-09,0,0, -   , -   ,,,Unknown
36,21-Apr-09,0,0, -   , -   ,,,Unknown
37,24-Apr-09,0,0, -   , -   ,,,Unknown
38,27-Apr-09,0,0, -   , -   ,,,Unknown
39,30-Apr-09,0,0, -   , -   ,,,Unknown
40,3-May-09,0,0, -   , -   ,,,Unknown
41,6-May-09,0,0, -   , -   ,,,Unknown
42,9-May-09,0,0, -   , -   ,,,Unknown
43,12-May-09,0,0, -   , -   ,,,Unknown
44,15-May-09,0,0, -   , -   ,,,Unknown
45,18-May-09,0,0, -   , -   ,,,Unknown
46,21-May-09,0,0, -   , -   ,,,Unknown
47,24-May-09,0,0, -   , -   ,,,Unknown
48,27-May-09,0,0, -   , -   ,,,Unknown
49,30-May-09,0,0, -   , -   ,,,Unknown
50,2-Jun-09,0,0, -   , -   ,,,Unknown
51,5-Jun-09,0,0, -   , -   ,,,Unknown
52,8-Jun-09,0,0, -   , -   ,,,Unknown
53,11-Jun-09,0,0, -   , -   ,,,Unknown
54,14-Jun-09,0,0, -   , -   ,,,Unknown
55,17-Jun-09,0,0, -   , -   ,,,Unknown
56,20-Jun-09,0,0, -   , -   ,,,Unknown
57,23-Jun-09,0,0, -   , -   ,,,Unknown
58,26-Jun-09,0,0, -   , -   ,,,Unknown
59,29-Jun-09,0,0, -   , -   ,,,Unknown
60,2-Jul-09,0,0, -   , -   ,,,Unknown
61,5-Jul-09,0,0, -   , -   ,,,Unknown
62,8-Jul-09,0,0, -   , -   ,,,Unknown
63,11-Jul-09,0,0, -   , -   ,,,Unknown
64,14-Jul-09,0,0, -   , -   ,,,Unknown
65,17-Jul-09,0,0, -   , -   ,,,Unknown
66,20-Jul-09,0,0, -   , -   ,,,Unknown
67,23-Jul-09,0,0, -   , -   ,,,Unknown
68,26-Jul-09,0,0, -   , -   ,,,Unknown
69,29-Jul-09,0,0, -   , -   ,,,Unknown
70,1-Aug-09,0,0, -   , -   ,,,Unknown
71,4-Aug-09,0,0, -   , -   ,,,Unknown
72,7-Aug-09,0,0, -   , -   ,,,Unknown
73,10-Aug-09,0,0, -   , -   ,,,Unknown
74,13-Aug-09,0,0, -   , -   ,,,Unknown
75,16-Aug-09,0,0, -   , -   ,,,Unknown
76,19-Aug-09,0,0, -   , -   ,,,Unknown
77,22-Aug-09,0,0, -   , -   ,,,Unknown
78,25-Aug-09,0,0, -   , -   ,,,Unknown
79,28-Aug-09,0,0, -   , -   ,,,Unknown
80,31-Aug-09,0,0, -   , -   ,,,Unknown
81,3-Sep-09,0,0, -   , -   ,,,Unknown
82,6-Sep-09,0,0, -   , -   ,,,Unknown
83,9-Sep-09,0,0, -   , -   ,,,Unknown
84,12-Sep-09,0,0, -   , -   ,,,Unknown
85,15-Sep-09,0,0, -   , -   ,,,Unknown
86,18-Sep-09,0,0, -   , -   ,,,Unknown
87,21-Sep-09,0,0, -   , -   ,,,Unknown
88,24-Sep-09,0,0, -   , -   ,,,Unknown
89,27-Sep-09,0,0, -   , -   ,,,Unknown
90,30-Sep-09,0,0, -   , -   ,,,Unknown
91,3-Oct-09,0,0, -   , -   ,,,Unknown
92,6-Oct-09,0,0, -   , -   ,,,Unknown
93,9-Oct-09,0,0, -   , -   ,,,Unknown
94,12-Oct-09,0,0, -   , -   ,,,Unknown
95,15-Oct-09,0,0, -   , -   ,,,Unknown
96,18-Oct-09,0,0, -   , -   ,,,Unknown
97,21-Oct-09,0,0, -   , -   ,,,Unknown
98,24-Oct-09,0,0, -   , -   ,,,Unknown
99,27-Oct-09,0,0, -   , -   ,,,Unknown
100,30-Oct-09,0,0, -   , -   ,,,Unknown
101,2-Nov-09,0,0, -   , -   ,,,Unknown
102,5-Nov-09,0,0, -   , -   ,,,Unknown
103,8-Nov-09,0,0, -   , -   ,,,Unknown
104,11-Nov-09,0,0, -   , -   ,,,Unknown
105,14-Nov-09,0,0, -   , -   ,,,Unknown
106,17-Nov-09,0,0, -   , -   ,,,Unknown
107,20-Nov-09,0,0, -   , -   ,,,Unknown
108,23-Nov-09,0,0, -   , -   ,,,Unknown
109,26-Nov-09,0,0, -   , -   ,,,Unknown
110,29-Nov-09,0,0, -   , -   ,,,Unknown
111,2-Dec-09,0,0, -   , -   ,,,Unknown
112,5-Dec-09,0,0, -   , -   ,,,Unknown
113,8-Dec-09,0,0, -   , -   ,,,Unknown
114,11-Dec-09,0,0, -   , -   ,,,Unknown
115,14-Dec-09,0,0, -   , -   ,,,Unknown
116,17-Dec-09,0,0, -   , -   ,,,Unknown
117,20-Dec-09,0,0, -   , -   ,,,Unknown
118,23-Dec-09,0,0, -   , -   ,,,Unknown
119,26-Dec-09,0,0, -   , -   ,,,Unknown
120,29-Dec-09,0,0, -   , -   ,,,Unknown
121,1-Jan-10,0,0, -   , -   ,,,Unknown
122,4-Jan-10,0,0, -   , -   ,,,Unknown
123,7-Jan-10,0,0, -   , -   ,,,Unknown
124,10-Jan-10,0,0, -   , -   ,,,Unknown
125,13-Jan-10,0,0, -   , -   ,,,Unknown
126,16-Jan-10,0,0, -   , -   ,,,Unknown
127,19-Jan-10,0,0, -   , -   ,,,Unknown
128,22-Jan-10,0,0, -   , -   ,,,Unknown
129,25-Jan-10,0,0, -   , -   ,,,Unknown
130,28-Jan-10,0,0, -   , -   ,,,Unknown
131,31-Jan-10,0,0, -   , -   ,,,Unknown
132,3-Feb-10,0,0, -   , -   ,,,Unknown
133,6-Feb-10,0,0, -   , -   ,,,Unknown
134,9-Feb-10,0,0, -   , -   ,,,Unknown
135,12-Feb-10,0,0, -   , -   ,,,Unknown
136,15-Feb-10,0,0, -   , -   ,,,Unknown
137,18-Feb-10,0,0, -   , -   ,,,Unknown
138,21-Feb-10,0,0, -   , -   ,,,Unknown
139,24-Feb-10,0,0, -   , -   ,,,Unknown
140,27-Feb-10,0,0, -   , -   ,,,Unknown
141,2-Mar-10,0,0, -   , -   ,,,Unknown
142,5-Mar-10,0,0, -   , -   ,,,Unknown
143,8-Mar-10,0,0, -   , -   ,,,Unknown
144,11-Mar-10,0,0, -   , -   ,,,Unknown
145,14-Mar-10,0,0, -   , -   ,,,Unknown
146,17-Mar-10,0,0, -   , -   ,,,Unknown
147,20-Mar-10,0,0, -   , -   ,,,Unknown
148,23-Mar-10,0,0, -   , -   ,,,Unknown
149,26-Mar-10,0,0, -   , -   ,,,Unknown
150,29-Mar-10,0,0, -   , -   ,,,Unknown
151,1-Apr-10,0,0, -   , -   ,,,Unknown
152,4-Apr-10,0,0, -   , -   ,,,Unknown
153,7-Apr-10,0,0, -   , -   ,,,Unknown
154,10-Apr-10,0,0, -   , -   ,,,Unknown
155,13-Apr-10,0,0, -   , -   ,,,Unknown
156,16-Apr-10,0,0, -   , -   ,,,Unknown
157,19-Apr-10,0,0, -   , -   ,,,Unknown
158,22-Apr-10,0,0, -   , -   ,,,Unknown
159,25-Apr-10,0,0, -   , -   ,,,Unknown
160,28-Apr-10,0,0, -   , -   ,,,Unknown
161,1-May-10,0,0, -   , -   ,,,Unknown
162,4-May-10,0,0, -   , -   ,,,Unknown
163,7-May-10,0,0, -   , -   ,,,Unknown
164,10-May-10,0,0, -   , -   ,,,Unknown
165,13-May-10,0,0, -   , -   ,,,Unknown
166,16-May-10,0,0, -   , -   ,,,Unknown
167,19-May-10,0,0, -   , -   ,,,Unknown
168,22-May-10,0,0, -   , -   ,,,Unknown
169,25-May-10,0,0, -   , -   ,,,Unknown
170,28-May-10,0,0, -   , -   ,,,Unknown
171,31-May-10,0,0, -   , -   ,,,Unknown
172,3-Jun-10,0,0, -   , -   ,,,Unknown
173,6-Jun-10,0,0, -   , -   ,,,Unknown
174,9-Jun-10,0,0, -   , -   ,,,Unknown
175,12-Jun-10,0,0, -   , -   ,,,Unknown
176,15-Jun-10,0,0, -   , -   ,,,Unknown
177,18-Jun-10,0,0, -   , -   ,,,Unknown
178,21-Jun-10,0,0, -   , -   ,,,Unknown
179,24-Jun-10,0,0, -   , -   ,,,Unknown
180,27-Jun-10,0,0, -   , -   ,,,Unknown
181,30-Jun-10,0,0, -   , -   ,,,Unknown
182,3-Jul-10,0,0, -   , -   ,,,Unknown
183,6-Jul-10,0,0, -   , -   ,,,Unknown
184,9-Jul-10,0,0, -   , -   ,,,Unknown
185,12-Jul-10,0,0, -   , -   ,,,Unknown
186,15-Jul-10,0,0, -   , -   ,,,Unknown
187,18-Jul-10,0,0, -   , -   ,,,Unknown
188,21-Jul-10,0,0, -   , -   ,,,Unknown
189,24-Jul-10,0,0, -   , -   ,,,Unknown
190,27-Jul-10,0,0, -   , -   ,,,Unknown
191,30-Jul-10,0,0, -   , -   ,,,Unknown
192,2-Aug-10,0,0, -   , -   ,,,Unknown
193,5-Aug-10,0,0, -   , -   ,,,Unknown
194,8-Aug-10,0,0, -   , -   ,,,Unknown
195,11-Aug-10,0,0, -   , -   ,,,Unknown
196,14-Aug-10,0,0, -   , -   ,,,Unknown
197,17-Aug-10,0,0, -   , -   ,,,Unknown
198,20-Aug-10,0.07,198, -   , -   ,,,Unknown
199,23-Aug-10,0.07,198, -   , -   ,,,Unknown
200,26-Aug-10,0.07,198, -   , -   ,,,Unknown
201,29-Aug-10,0.06,198,-0.1429,-0.1429,,,Unknown
202,1-Sep-10,0.06,198,-0.1429,-0.1429,,,Unknown
203,4-Sep-10,0.06,198,-0.1429,-0.1429,,,Unknown
204,7-Sep-10,0.06,198,-0.1429,-0.1429,,,Unknown
205,10-Sep-10,0.06,198,-0.1429,-0.1429,,,Unknown
206,13-Sep-10,0.06,198,-0.1429,-0.1429,,,Unknown
207,16-Sep-10,0.15,207, -   , -   ,,,Unknown
208,19-Sep-10,0.06,207,-0.6,-0.6,,,Unknown
209,22-Sep-10,0.06,207,-0.6,-0.6,,,Unknown
210,25-Sep-10,0.06,207,-0.6,-0.6,,,Unknown
211,28-Sep-10,0.06,207,-0.6,-0.6,,,Unknown
212,1-Oct-10,0.06,207,-0.6,-0.6,,,Unknown
213,4-Oct-10,0.06,207,-0.6,-0.6,,,Unknown
214,7-Oct-10,0.06,207,-0.6,-0.6,,,Unknown
215,10-Oct-10,0.12,207,-0.2,-0.6,,,Unknown
216,13-Oct-10,0.1,207,-0.3333,-0.6,,,Unknown
217,16-Oct-10,0.12,207,-0.2,-0.6,,,Unknown
218,19-Oct-10,0.1,207,-0.3333,-0.6,,,Unknown
219,22-Oct-10,0.11,207,-0.2667,-0.6,,,Unknown
220,25-Oct-10,0.18,220, -   , -   ,,,Unknown
221,28-Oct-10,0.19,221, -   , -   ,,,Unknown
222,31-Oct-10,0.19,221, -   , -   ,,,Unknown
223,3-Nov-10,0.21,223, -   , -   ,,,Unknown
224,6-Nov-10,0.25,224, -   , -   ,,,Unknown
225,9-Nov-10,0.36,225, -   , -   ,,,Unknown
226,12-Nov-10,0.24,225,-0.3333,-0.3333,,,Unknown
227,15-Nov-10,0.3,225,-0.1667,-0.3333,,,Unknown
228,18-Nov-10,0.28,225,-0.2222,-0.3333,,,Unknown
229,21-Nov-10,0.29,225,-0.1944,-0.3333,,,Unknown
230,24-Nov-10,0.29,225,-0.1944,-0.3333,,,Unknown
231,27-Nov-10,0.29,225,-0.1944,-0.3333,,,Unknown
232,30-Nov-10,0.28,225,-0.2222,-0.3333,,,Unknown
233,3-Dec-10,0.25,225,-0.3056,-0.3333,,,Unknown
234,6-Dec-10,0.23,225,-0.3611,-0.3611,,,Unknown
235,9-Dec-10,0.25,225,-0.3056,-0.3611,,,Unknown
236,12-Dec-10,0.23,225,-0.3611,-0.3611,,,Unknown
237,15-Dec-10,0.23,225,-0.3611,-0.3611,,,Unknown
238,18-Dec-10,0.25,225,-0.3056,-0.3611,,,Unknown
239,21-Dec-10,0.27,225,-0.25,-0.3611,,,Unknown
240,24-Dec-10,0.25,225,-0.3056,-0.3611,,,Unknown
241,27-Dec-10,0.27,225,-0.25,-0.3611,,,Unknown
242,30-Dec-10,0.3,225,-0.1667,-0.3611,,,Unknown
243,2-Jan-11,0.3,225,-0.1667,-0.3611,,,Unknown
244,5-Jan-11,0.3,225,-0.1667,-0.3611,,,Unknown
245,8-Jan-11,0.32,225,-0.1111,-0.3611,,,Unknown
246,11-Jan-11,0.33,225,-0.0833,-0.3611,,,Unknown
247,14-Jan-11,0.42,247, -   , -   ,,,Unknown
248,17-Jan-11,0.4,247,-0.0476,-0.0476,,,Unknown
249,20-Jan-11,0.35,247,-0.1667,-0.1667,,,Unknown
250,23-Jan-11,0.43,250, -   , -   ,,,Unknown
251,26-Jan-11,0.43,250, -   , -   ,,,Unknown
252,29-Jan-11,0.45,252, -   , -   ,,,Unknown
253,1-Feb-11,0.61,253, -   , -   ,,,Unknown
254,4-Feb-11,0.78,254, -   , -   ,,,Unknown
255,7-Feb-11,0.92,255, -   , -   ,,,Unknown
256,10-Feb-11,0.97,256, -   , -   ,,,Unknown
257,13-Feb-11,1.09,257, -   , -   ,,,Unknown
258,16-Feb-11,1.08,257,-0.0092,-0.0092,,,Unknown
259,19-Feb-11,1.04,257,-0.0459,-0.0459,,,Unknown
260,22-Feb-11,0.88,257,-0.1927,-0.1927,,,Unknown
261,25-Feb-11,0.96,257,-0.1193,-0.1927,,,Unknown
262,28-Feb-11,0.96,257,-0.1193,-0.1927,,,Unknown
263,3-Mar-11,0.95,257,-0.1284,-0.1927,,,Unknown
264,6-Mar-11,0.92,257,-0.156,-0.1927,,,Unknown
265,9-Mar-11,0.9,257,-0.1743,-0.1927,,,Unknown
266,12-Mar-11,0.93,257,-0.1468,-0.1927,,,Unknown
267,15-Mar-11,0.9,257,-0.1743,-0.1927,,,Unknown
268,18-Mar-11,0.87,257,-0.2018,-0.2018,,,Unknown
269,21-Mar-11,0.79,257,-0.2752,-0.2752,,,Unknown
270,24-Mar-11,0.86,257,-0.211,-0.2752,,,Unknown
271,27-Mar-11,0.9,257,-0.1743,-0.2752,,,Unknown
272,30-Mar-11,0.8,257,-0.2661,-0.2752,,,Unknown
273,2-Apr-11,0.8,257,-0.2661,-0.2752,,,Unknown
274,5-Apr-11,0.77,257,-0.2936,-0.2936,,,Unknown
275,8-Apr-11,0.78,257,-0.2844,-0.2936,,,Unknown
276,11-Apr-11,0.76,257,-0.3028,-0.3028,,,Unknown
277,14-Apr-11,0.99,257,-0.0917,-0.3028,,,Unknown
278,17-Apr-11,1.09,257, -   ,-0.3028,,,Unknown
279,20-Apr-11,1.19,279, -   , -   ,,,Unknown
280,23-Apr-11,1.38,280, -   , -   ,,,Unknown
281,26-Apr-11,1.71,281, -   , -   ,,,Unknown
282,29-Apr-11,2.66,282, -   , -   ,,,Unknown
283,2-May-11,3.95,283, -   , -   ,,,Unknown
284,5-May-11,3.56,283,-0.0987,-0.0987,,,Unknown
285,8-May-11,3.75,283,-0.0506,-0.0987,,,Unknown
286,11-May-11,5.41,286, -   , -   ,,,Unknown
287,14-May-11,8.56,287, -   , -   ,,,Unknown
288,17-May-11,8.47,287,-0.0105,-0.0105,,,Unknown
289,20-May-11,7.28,287,-0.1495,-0.1495,,,Unknown
290,23-May-11,6.81,287,-0.2044,-0.2044,,,Unknown
291,26-May-11,7.95,287,-0.0713,-0.2044,,,Unknown
292,29-May-11,8.68,292, -   , -   ,,,Unknown
293,1-Jun-11,9.47,293, -   , -   ,,,Unknown
294,4-Jun-11,15.05,294, -   , -   ,,,Unknown
295,7-Jun-11,19.19,295, -   , -   ,,,Unknown
296,10-Jun-11,32.34,296,0,0,1,1,2011-2013
297,13-Jun-11,24.87,296,-0.23,-0.23,1,2,2011-2013
298,16-Jun-11,19.99,296,-0.38,-0.38,1,3,2011-2013
299,19-Jun-11,17.6,296,-0.46,-0.46,1,4,2011-2013
300,22-Jun-11,15.39,296,-0.52,-0.52,1,5,2011-2013
301,25-Jun-11,16.95,296,-0.48,-0.52,1,6,2011-2013
302,28-Jun-11,17.89,296,-0.45,-0.52,1,7,2011-2013
303,1-Jul-11,17.38,296,-0.46,-0.52,1,8,2011-2013
304,4-Jul-11,15.74,296,-0.51,-0.52,1,9,2011-2013
305,7-Jul-11,16.44,296,-0.49,-0.52,1,10,2011-2013
306,10-Jul-11,15.16,296,-0.53,-0.53,1,11,2011-2013
307,13-Jul-11,14.52,296,-0.55,-0.55,1,12,2011-2013
308,16-Jul-11,14.25,296,-0.56,-0.56,1,13,2011-2013
309,19-Jul-11,13.93,296,-0.57,-0.57,1,14,2011-2013
310,22-Jul-11,13.94,296,-0.57,-0.57,1,15,2011-2013
311,25-Jul-11,14.16,296,-0.56,-0.57,1,16,2011-2013
312,28-Jul-11,14.1,296,-0.56,-0.57,1,17,2011-2013
313,31-Jul-11,14.06,296,-0.57,-0.57,1,18,2011-2013
314,3-Aug-11,13.37,296,-0.59,-0.59,1,19,2011-2013
315,6-Aug-11,11.42,296,-0.65,-0.65,1,20,2011-2013
316,9-Aug-11,9.66,296,-0.7,-0.7,1,21,2011-2013
317,12-Aug-11,10.35,296,-0.68,-0.7,1,22,2011-2013
318,15-Aug-11,11.4,296,-0.65,-0.7,1,23,2011-2013
319,18-Aug-11,11.39,296,-0.65,-0.7,1,24,2011-2013
320,21-Aug-11,11.75,296,-0.64,-0.7,1,25,2011-2013
321,24-Aug-11,11.47,296,-0.65,-0.7,1,26,2011-2013
322,27-Aug-11,10.01,296,-0.69,-0.7,1,27,2011-2013
323,30-Aug-11,9.4,296,-0.71,-0.71,1,28,2011-2013
324,2-Sep-11,8.46,296,-0.74,-0.74,1,29,2011-2013
325,5-Sep-11,8.56,296,-0.74,-0.74,1,30,2011-2013
326,8-Sep-11,7.53,296,-0.77,-0.77,1,31,2011-2013
327,11-Sep-11,6.49,296,-0.8,-0.8,1,32,2011-2013
328,14-Sep-11,6.19,296,-0.81,-0.81,1,33,2011-2013
329,17-Sep-11,5.18,296,-0.84,-0.84,1,34,2011-2013
330,20-Sep-11,5.89,296,-0.82,-0.84,1,35,2011-2013
331,23-Sep-11,5.8,296,-0.82,-0.84,1,36,2011-2013
332,26-Sep-11,5.49,296,-0.83,-0.84,1,37,2011-2013
333,29-Sep-11,4.95,296,-0.85,-0.85,1,38,2011-2013
334,2-Oct-11,5.27,296,-0.84,-0.85,1,39,2011-2013
335,5-Oct-11,5.03,296,-0.84,-0.85,1,40,2011-2013
336,8-Oct-11,4.79,296,-0.85,-0.85,1,41,2011-2013
337,11-Oct-11,4.23,296,-0.87,-0.87,1,42,2011-2013
338,14-Oct-11,4.37,296,-0.86,-0.87,1,43,2011-2013
339,17-Oct-11,3.87,296,-0.88,-0.88,1,44,2011-2013
340,20-Oct-11,2.59,296,-0.92,-0.92,1,45,2011-2013
341,23-Oct-11,3.31,296,-0.9,-0.92,1,46,2011-2013
342,26-Oct-11,3,296,-0.91,-0.92,1,47,2011-2013
343,29-Oct-11,3.39,296,-0.9,-0.92,1,48,2011-2013
344,1-Nov-11,3.38,296,-0.9,-0.92,1,49,2011-2013
345,4-Nov-11,3.28,296,-0.9,-0.92,1,50,2011-2013
346,7-Nov-11,3.04,296,-0.91,-0.92,1,51,2011-2013
347,10-Nov-11,3.09,296,-0.9,-0.92,1,52,2011-2013
348,13-Nov-11,3.11,296,-0.9,-0.92,1,53,2011-2013
349,16-Nov-11,2.67,296,-0.92,-0.92,1,54,2011-2013
350,19-Nov-11,2.37,296,-0.93,-0.93,1,55,2011-2013
351,22-Nov-11,2.3,296,-0.93,-0.93,1,56,2011-2013
352,25-Nov-11,2.48,296,-0.92,-0.93,1,57,2011-2013
353,28-Nov-11,2.51,296,-0.92,-0.93,1,58,2011-2013
354,1-Dec-11,3,296,-0.91,-0.93,1,59,2011-2013
355,4-Dec-11,3.1,296,-0.9,-0.93,1,60,2011-2013
356,7-Dec-11,3.06,296,-0.91,-0.93,1,61,2011-2013
357,10-Dec-11,3.04,296,-0.91,-0.93,1,62,2011-2013
358,13-Dec-11,3.33,296,-0.9,-0.93,1,63,2011-2013
359,16-Dec-11,3.2,296,-0.9,-0.93,1,64,2011-2013
360,19-Dec-11,3.36,296,-0.9,-0.93,1,65,2011-2013
361,22-Dec-11,4.08,296,-0.87,-0.93,1,66,2011-2013
362,25-Dec-11,4.06,296,-0.87,-0.93,1,67,2011-2013
363,28-Dec-11,4.09,296,-0.87,-0.93,1,68,2011-2013
364,31-Dec-11,4.47,296,-0.86,-0.93,1,69,2011-2013
365,3-Jan-12,5.45,296,-0.83,-0.93,1,70,2011-2013
366,6-Jan-12,6.6,296,-0.8,-0.93,1,71,2011-2013
367,9-Jan-12,7.2,296,-0.78,-0.93,1,72,2011-2013
368,12-Jan-12,7.1,296,-0.78,-0.93,1,73,2011-2013
369,15-Jan-12,6.81,296,-0.79,-0.93,1,74,2011-2013
370,18-Jan-12,6.97,296,-0.78,-0.93,1,75,2011-2013
371,21-Jan-12,6.57,296,-0.8,-0.93,1,76,2011-2013
372,24-Jan-12,6.47,296,-0.8,-0.93,1,77,2011-2013
373,27-Jan-12,6.08,296,-0.81,-0.93,1,78,2011-2013
374,30-Jan-12,5.72,296,-0.82,-0.93,1,79,2011-2013
375,2-Feb-12,5.77,296,-0.82,-0.93,1,80,2011-2013
376,5-Feb-12,5.99,296,-0.81,-0.93,1,81,2011-2013
377,8-Feb-12,5.74,296,-0.82,-0.93,1,82,2011-2013
378,11-Feb-12,5.94,296,-0.82,-0.93,1,83,2011-2013
379,14-Feb-12,5.69,296,-0.82,-0.93,1,84,2011-2013
380,17-Feb-12,4.74,296,-0.85,-0.93,1,85,2011-2013
381,20-Feb-12,4.38,296,-0.86,-0.93,1,86,2011-2013
382,23-Feb-12,4.63,296,-0.86,-0.93,1,87,2011-2013
383,26-Feb-12,5.05,296,-0.84,-0.93,1,88,2011-2013
384,29-Feb-12,4.98,296,-0.85,-0.93,1,89,2011-2013
385,3-Mar-12,4.94,296,-0.85,-0.93,1,90,2011-2013
386,6-Mar-12,5.04,296,-0.84,-0.93,1,91,2011-2013
387,9-Mar-12,4.99,296,-0.85,-0.93,1,92,2011-2013
388,12-Mar-12,4.98,296,-0.85,-0.93,1,93,2011-2013
389,15-Mar-12,5.45,296,-0.83,-0.93,1,94,2011-2013
390,18-Mar-12,5.4,296,-0.83,-0.93,1,95,2011-2013
391,21-Mar-12,4.95,296,-0.85,-0.93,1,96,2011-2013
392,24-Mar-12,4.81,296,-0.85,-0.93,1,97,2011-2013
393,27-Mar-12,4.74,296,-0.85,-0.93,1,98,2011-2013
394,30-Mar-12,4.85,296,-0.85,-0.93,1,99,2011-2013
395,2-Apr-12,4.97,296,-0.85,-0.93,1,100,2011-2013
396,5-Apr-12,4.96,296,-0.85,-0.93,1,101,2011-2013
397,8-Apr-12,4.94,296,-0.85,-0.93,1,102,2011-2013
398,11-Apr-12,4.9,296,-0.85,-0.93,1,103,2011-2013
399,14-Apr-12,4.97,296,-0.85,-0.93,1,104,2011-2013
400,17-Apr-12,4.99,296,-0.85,-0.93,1,105,2011-2013
401,20-Apr-12,5.19,296,-0.84,-0.93,1,106,2011-2013
402,23-Apr-12,5.3,296,-0.84,-0.93,1,107,2011-2013
403,26-Apr-12,5.16,296,-0.84,-0.93,1,108,2011-2013
404,29-Apr-12,5.09,296,-0.84,-0.93,1,109,2011-2013
405,2-May-12,5.04,296,-0.84,-0.93,1,110,2011-2013
406,5-May-12,5.15,296,-0.84,-0.93,1,111,2011-2013
407,8-May-12,5.1,296,-0.84,-0.93,1,112,2011-2013
408,11-May-12,5.1,296,-0.84,-0.93,1,113,2011-2013
409,14-May-12,5.01,296,-0.85,-0.93,1,114,2011-2013
410,17-May-12,5.1,296,-0.84,-0.93,1,115,2011-2013
411,20-May-12,5.14,296,-0.84,-0.93,1,116,2011-2013
412,23-May-12,5.13,296,-0.84,-0.93,1,117,2011-2013
413,26-May-12,5.15,296,-0.84,-0.93,1,118,2011-2013
414,29-May-12,5.16,296,-0.84,-0.93,1,119,2011-2013
415,1-Jun-12,5.21,296,-0.84,-0.93,1,120,2011-2013
416,4-Jun-12,5.27,296,-0.84,-0.93,1,121,2011-2013
417,7-Jun-12,5.48,296,-0.83,-0.93,1,122,2011-2013
418,10-Jun-12,5.68,296,-0.82,-0.93,1,123,2011-2013
419,13-Jun-12,5.76,296,-0.82,-0.93,1,124,2011-2013
420,16-Jun-12,6.27,296,-0.81,-0.93,1,125,2011-2013
421,19-Jun-12,6.48,296,-0.8,-0.93,1,126,2011-2013
422,22-Jun-12,6.8,296,-0.79,-0.93,1,127,2011-2013
423,25-Jun-12,6.56,296,-0.8,-0.93,1,128,2011-2013
424,28-Jun-12,6.58,296,-0.8,-0.93,1,129,2011-2013
425,1-Jul-12,6.69,296,-0.79,-0.93,1,130,2011-2013
426,4-Jul-12,6.71,296,-0.79,-0.93,1,131,2011-2013
427,7-Jul-12,6.74,296,-0.79,-0.93,1,132,2011-2013
428,10-Jul-12,6.98,296,-0.78,-0.93,1,133,2011-2013
429,13-Jul-12,7.46,296,-0.77,-0.93,1,134,2011-2013
430,16-Jul-12,7.8,296,-0.76,-0.93,1,135,2011-2013
431,19-Jul-12,9.37,296,-0.71,-0.93,1,136,2011-2013
432,22-Jul-12,9.53,296,-0.71,-0.93,1,137,2011-2013
433,25-Jul-12,8.91,296,-0.72,-0.93,1,138,2011-2013
434,28-Jul-12,8.95,296,-0.72,-0.93,1,139,2011-2013
435,31-Jul-12,9.22,296,-0.71,-0.93,1,140,2011-2013
436,3-Aug-12,10.12,296,-0.69,-0.93,1,141,2011-2013
437,6-Aug-12,11.21,296,-0.65,-0.93,1,142,2011-2013
438,9-Aug-12,11.35,296,-0.65,-0.93,1,143,2011-2013
439,12-Aug-12,11.64,296,-0.64,-0.93,1,144,2011-2013
440,15-Aug-12,12.3,296,-0.62,-0.93,1,145,2011-2013
441,18-Aug-12,15.37,296,-0.52,-0.93,1,146,2011-2013
442,21-Aug-12,10.45,296,-0.68,-0.93,1,147,2011-2013
443,24-Aug-12,10.25,296,-0.68,-0.93,1,148,2011-2013
444,27-Aug-12,10.99,296,-0.66,-0.93,1,149,2011-2013
445,30-Aug-12,11.14,296,-0.66,-0.93,1,150,2011-2013
446,2-Sep-12,10.36,296,-0.68,-0.93,1,151,2011-2013
447,5-Sep-12,10.59,296,-0.67,-0.93,1,152,2011-2013
448,8-Sep-12,11.27,296,-0.65,-0.93,1,153,2011-2013
449,11-Sep-12,11.14,296,-0.66,-0.93,1,154,2011-2013
450,14-Sep-12,11.48,296,-0.65,-0.93,1,155,2011-2013
451,17-Sep-12,11.98,296,-0.63,-0.93,1,156,2011-2013
452,20-Sep-12,12.63,296,-0.61,-0.93,1,157,2011-2013
453,23-Sep-12,12.4,296,-0.62,-0.93,1,158,2011-2013
454,26-Sep-12,12.24,296,-0.62,-0.93,1,159,2011-2013
455,29-Sep-12,12.46,296,-0.61,-0.93,1,160,2011-2013
456,2-Oct-12,12.58,296,-0.61,-0.93,1,161,2011-2013
457,5-Oct-12,13.07,296,-0.6,-0.93,1,162,2011-2013
458,8-Oct-12,12.58,296,-0.61,-0.93,1,163,2011-2013
459,11-Oct-12,12.16,296,-0.62,-0.93,1,164,2011-2013
460,14-Oct-12,12.1,296,-0.63,-0.93,1,165,2011-2013
461,17-Oct-12,11.99,296,-0.63,-0.93,1,166,2011-2013
462,20-Oct-12,11.94,296,-0.63,-0.93,1,167,2011-2013
463,23-Oct-12,11.86,296,-0.63,-0.93,1,168,2011-2013
464,26-Oct-12,11.56,296,-0.64,-0.93,1,169,2011-2013
465,29-Oct-12,10.69,296,-0.67,-0.93,1,170,2011-2013
466,1-Nov-12,11.17,296,-0.65,-0.93,1,171,2011-2013
467,4-Nov-12,10.62,296,-0.67,-0.93,1,172,2011-2013
468,7-Nov-12,10.97,296,-0.66,-0.93,1,173,2011-2013
469,10-Nov-12,11.04,296,-0.66,-0.93,1,174,2011-2013
470,13-Nov-12,11.17,296,-0.65,-0.93,1,175,2011-2013
471,16-Nov-12,11.28,296,-0.65,-0.93,1,176,2011-2013
472,19-Nov-12,11.82,296,-0.63,-0.93,1,177,2011-2013
473,22-Nov-12,11.9,296,-0.63,-0.93,1,178,2011-2013
474,25-Nov-12,12.46,296,-0.61,-0.93,1,179,2011-2013
475,28-Nov-12,12.5,296,-0.61,-0.93,1,180,2011-2013
476,1-Dec-12,12.66,296,-0.61,-0.93,1,181,2011-2013
477,4-Dec-12,12.75,296,-0.61,-0.93,1,182,2011-2013
478,7-Dec-12,13.69,296,-0.58,-0.93,1,183,2011-2013
479,10-Dec-12,13.53,296,-0.58,-0.93,1,184,2011-2013
480,13-Dec-12,13.8,296,-0.57,-0.93,1,185,2011-2013
481,16-Dec-12,13.75,296,-0.57,-0.93,1,186,2011-2013
482,19-Dec-12,13.4,296,-0.59,-0.93,1,187,2011-2013
483,22-Dec-12,13.63,296,-0.58,-0.93,1,188,2011-2013
484,25-Dec-12,13.45,296,-0.58,-0.93,1,189,2011-2013
485,28-Dec-12,13.51,296,-0.58,-0.93,1,190,2011-2013
486,31-Dec-12,13.57,296,-0.58,-0.93,1,191,2011-2013
487,3-Jan-13,13.42,296,-0.59,-0.93,1,192,2011-2013
488,6-Jan-13,13.54,296,-0.58,-0.93,1,193,2011-2013
489,9-Jan-13,13.84,296,-0.57,-0.93,1,194,2011-2013
490,12-Jan-13,14.31,296,-0.56,-0.93,1,195,2011-2013
491,15-Jan-13,14.34,296,-0.56,-0.93,1,196,2011-2013
492,18-Jan-13,15.53,296,-0.52,-0.93,1,197,2011-2013
493,21-Jan-13,16.15,296,-0.5,-0.93,1,198,2011-2013
494,24-Jan-13,17.97,296,-0.44,-0.93,1,199,2011-2013
495,27-Jan-13,17.71,296,-0.45,-0.93,1,200,2011-2013
496,30-Jan-13,19.78,296,-0.39,-0.93,1,201,2011-2013
497,2-Feb-13,21.25,296,-0.34,-0.93,1,202,2011-2013
498,5-Feb-13,20.99,296,-0.35,-0.93,1,203,2011-2013
499,8-Feb-13,22.15,296,-0.32,-0.93,1,204,2011-2013
500,11-Feb-13,23.97,296,-0.26,-0.93,1,205,2011-2013
501,14-Feb-13,24.3,296,-0.25,-0.93,1,206,2011-2013
502,17-Feb-13,27.39,296,-0.15,-0.93,1,207,2011-2013
503,20-Feb-13,29.48,296,-0.09,-0.93,1,208,2011-2013
504,23-Feb-13,30.52,296,-0.06,-0.93,1,209,2011-2013
505,26-Feb-13,30.4,296,-0.06,-0.93,1,210,2011-2013
506,1-Mar-13,33.36,506, -   , -   ,,,Unknown
507,4-Mar-13,34.25,507, -   , -   ,,,Unknown
508,7-Mar-13,42,508, -   , -   ,,,Unknown
509,10-Mar-13,46.93,509, -   , -   ,,,Unknown
510,13-Mar-13,44.32,509,-0.0556,-0.0556,,,Unknown
511,16-Mar-13,46.9,509,-0.0006,-0.0556,,,Unknown
512,19-Mar-13,52.12,512, -   , -   ,,,Unknown
513,22-Mar-13,70.25,513, -   , -   ,,,Unknown
514,25-Mar-13,71.93,514, -   , -   ,,,Unknown
515,28-Mar-13,88.8,515, -   , -   ,,,Unknown
516,31-Mar-13,92.5,516, -   , -   ,,,Unknown
517,3-Apr-13,117.34,517, -   , -   ,,,Unknown
518,6-Apr-13,142.1,518, -   , -   ,,,Unknown
519,9-Apr-13,186.96,519, -   , -   ,,,Unknown
520,12-Apr-13,124.9,519,-0.3319,-0.3319,,,Unknown
521,15-Apr-13,100,519,-0.4651,-0.4651,,,Unknown
522,18-Apr-13,93.9,519,-0.4978,-0.4978,,,Unknown
523,21-Apr-13,127.5,519,-0.318,-0.4978,,,Unknown
524,24-Apr-13,142.5,519,-0.2378,-0.4978,,,Unknown
525,27-Apr-13,137,519,-0.2672,-0.4978,,,Unknown
526,30-Apr-13,144.54,519,-0.2269,-0.4978,,,Unknown
527,3-May-13,103.3,519,-0.4475,-0.4978,,,Unknown
528,6-May-13,115.98,519,-0.3797,-0.4978,,,Unknown
529,9-May-13,113.35,519,-0.3937,-0.4978,,,Unknown
530,12-May-13,115.68,519,-0.3813,-0.4978,,,Unknown
531,15-May-13,112,519,-0.4009,-0.4978,,,Unknown
532,18-May-13,123.32,519,-0.3404,-0.4978,,,Unknown
533,21-May-13,122.02,519,-0.3473,-0.4978,,,Unknown
534,24-May-13,126.7,519,-0.3223,-0.4978,,,Unknown
535,27-May-13,133.5,519,-0.2859,-0.4978,,,Unknown
536,30-May-13,132.3,519,-0.2924,-0.4978,,,Unknown
537,2-Jun-13,129.3,519,-0.3084,-0.4978,,,Unknown
538,5-Jun-13,121.42,519,-0.3506,-0.4978,,,Unknown
539,8-Jun-13,111.5,519,-0.4036,-0.4978,,,Unknown
540,11-Jun-13,106.1,519,-0.4325,-0.4978,,,Unknown
541,14-Jun-13,103.9,519,-0.4443,-0.4978,,,Unknown
542,17-Jun-13,99.9,519,-0.4657,-0.4978,,,Unknown
543,20-Jun-13,107.68,519,-0.424,-0.4978,,,Unknown
544,23-Jun-13,108.35,519,-0.4205,-0.4978,,,Unknown
545,26-Jun-13,103.89,519,-0.4443,-0.4978,,,Unknown
546,29-Jun-13,94.65,519,-0.4937,-0.4978,,,Unknown
547,2-Jul-13,87,519,-0.5347,-0.5347,,,Unknown
548,5-Jul-13,80.04,519,-0.5719,-0.5719,,,Unknown
549,8-Jul-13,75,519,-0.5988,-0.5988,,,Unknown
550,11-Jul-13,87.9,519,-0.5298,-0.5988,,,Unknown
551,14-Jul-13,98,519,-0.4758,-0.5988,,,Unknown
552,17-Jul-13,97.05,519,-0.4809,-0.5988,,,Unknown
553,20-Jul-13,92,519,-0.5079,-0.5988,,,Unknown
554,23-Jul-13,91.99,519,-0.508,-0.5988,,,Unknown
555,26-Jul-13,97,519,-0.4812,-0.5988,,,Unknown
556,29-Jul-13,98.7,519,-0.4721,-0.5988,,,Unknown
557,1-Aug-13,106.2,519,-0.432,-0.5988,,,Unknown
558,4-Aug-13,104.95,519,-0.4386,-0.5988,,,Unknown
559,7-Aug-13,106.56,519,-0.43,-0.5988,,,Unknown
560,10-Aug-13,102.8,519,-0.4501,-0.5988,,,Unknown
561,13-Aug-13,106.64,519,-0.4296,-0.5988,,,Unknown
562,16-Aug-13,98.08,519,-0.4754,-0.5988,,,Unknown
563,19-Aug-13,99.3,519,-0.4689,-0.5988,,,Unknown
564,22-Aug-13,110.43,519,-0.4093,-0.5988,,,Unknown
565,25-Aug-13,109.04,519,-0.4168,-0.5988,,,Unknown
566,28-Aug-13,117.72,519,-0.3703,-0.5988,,,Unknown
567,31-Aug-13,124.84,519,-0.3323,-0.5988,,,Unknown
568,3-Sep-13,130.09,519,-0.3042,-0.5988,,,Unknown
569,6-Sep-13,122.63,519,-0.3441,-0.5988,,,Unknown
570,9-Sep-13,118.18,519,-0.3679,-0.5988,,,Unknown
571,12-Sep-13,126.54,519,-0.3232,-0.5988,,,Unknown
572,15-Sep-13,124.05,519,-0.3365,-0.5988,,,Unknown
573,18-Sep-13,139.15,519,-0.2557,-0.5988,,,Unknown
574,21-Sep-13,123.04,519,-0.3419,-0.5988,,,Unknown
575,24-Sep-13,122.65,519,-0.344,-0.5988,,,Unknown
576,27-Sep-13,124.65,519,-0.3333,-0.5988,,,Unknown
577,30-Sep-13,127.01,519,-0.3207,-0.5988,,,Unknown
578,3-Oct-13,103.85,519,-0.4445,-0.5988,,,Unknown
579,6-Oct-13,121.2,519,-0.3517,-0.5988,,,Unknown
580,9-Oct-13,124.12,519,-0.3361,-0.5988,,,Unknown
581,12-Oct-13,127.41,519,-0.3185,-0.5988,,,Unknown
582,15-Oct-13,135.17,519,-0.277,-0.5988,,,Unknown
583,18-Oct-13,143.94,519,-0.2301,-0.5988,,,Unknown
584,21-Oct-13,186.12,519,-0.0045,-0.5988,,,Unknown
585,24-Oct-13,203.7,585, -   , -   ,,,Unknown
586,27-Oct-13,179.56,585,-0.1185,-0.1185,,,Unknown
587,30-Oct-13,216,587, -   , -   ,,,Unknown
588,2-Nov-13,203,587,-0.0602,-0.0602,,,Unknown
589,5-Nov-13,229.95,589, -   , -   ,,,Unknown
590,8-Nov-13,291.02,590, -   , -   ,,,Unknown
591,11-Nov-13,328,591, -   , -   ,,,Unknown
592,14-Nov-13,393,592, -   , -   ,,,Unknown
593,17-Nov-13,437.24,593, -   , -   ,,,Unknown
594,20-Nov-13,547,594, -   , -   ,,,Unknown
595,23-Nov-13,795,595, -   , -   ,,,Unknown
596,26-Nov-13,814.56,596, -   , -   ,,,Unknown
597,29-Nov-13,1014.1,597, -   , -   ,,,Unknown
598,2-Dec-13,955.01,597,-0.0583,-0.0583,,,Unknown
599,5-Dec-13,1136.9,599,0,0,2,1,2013-2017
600,8-Dec-13,705.91,599,-0.3791,-0.38,2,2,2013-2017
601,11-Dec-13,978.76,599,-0.1391,-0.38,2,3,2013-2017
602,14-Dec-13,885,599,-0.2216,-0.38,2,4,2013-2017
603,17-Dec-13,690,599,-0.3931,-0.39,2,5,2013-2017
604,20-Dec-13,685.3,599,-0.3972,-0.4,2,6,2013-2017
605,23-Dec-13,614.11,599,-0.4598,-0.46,2,7,2013-2017
606,26-Dec-13,679.02,599,-0.4027,-0.46,2,8,2013-2017
607,29-Dec-13,715,599,-0.3711,-0.46,2,9,2013-2017
608,1-Jan-14,732,599,-0.3561,-0.46,2,10,2013-2017
609,4-Jan-14,807.39,599,-0.2898,-0.46,2,11,2013-2017
610,7-Jan-14,915.69,599,-0.1946,-0.46,2,12,2013-2017
611,10-Jan-14,826.28,599,-0.2732,-0.46,2,13,2013-2017
612,13-Jan-14,844.04,599,-0.2576,-0.46,2,14,2013-2017
613,16-Jan-14,841.83,599,-0.2595,-0.46,2,15,2013-2017
614,19-Jan-14,811.2,599,-0.2865,-0.46,2,16,2013-2017
615,22-Jan-14,824.78,599,-0.2745,-0.46,2,17,2013-2017
616,25-Jan-14,780.02,599,-0.3139,-0.46,2,18,2013-2017
617,28-Jan-14,747.57,599,-0.3424,-0.46,2,19,2013-2017
618,31-Jan-14,800,599,-0.2963,-0.46,2,20,2013-2017
619,3-Feb-14,814.34,599,-0.2837,-0.46,2,21,2013-2017
620,6-Feb-14,781,599,-0.313,-0.46,2,22,2013-2017
621,9-Feb-14,680.8,599,-0.4012,-0.46,2,23,2013-2017
622,12-Feb-14,675.1,599,-0.4062,-0.46,2,24,2013-2017
623,15-Feb-14,670.29,599,-0.4104,-0.46,2,25,2013-2017
624,18-Feb-14,629.96,599,-0.4459,-0.46,2,26,2013-2017
625,21-Feb-14,563,599,-0.5048,-0.5,2,27,2013-2017
626,24-Feb-14,611.05,599,-0.4625,-0.5,2,28,2013-2017
627,27-Feb-14,585.21,599,-0.4853,-0.5,2,29,2013-2017
628,2-Mar-14,567.48,599,-0.5009,-0.5,2,30,2013-2017
629,5-Mar-14,673.28,599,-0.4078,-0.5,2,31,2013-2017
630,8-Mar-14,631.99,599,-0.4441,-0.5,2,32,2013-2017
631,11-Mar-14,629.33,599,-0.4465,-0.5,2,33,2013-2017
632,14-Mar-14,641.01,599,-0.4362,-0.5,2,34,2013-2017
633,17-Mar-14,634.99,599,-0.4415,-0.5,2,35,2013-2017
634,20-Mar-14,611.2,599,-0.4624,-0.5,2,36,2013-2017
635,23-Mar-14,563.01,599,-0.5048,-0.5,2,37,2013-2017
636,26-Mar-14,585.79,599,-0.4847,-0.5,2,38,2013-2017
637,29-Mar-14,499.6,599,-0.5606,-0.56,2,39,2013-2017
638,1-Apr-14,457.49,599,-0.5976,-0.6,2,40,2013-2017
639,4-Apr-14,448.72,599,-0.6053,-0.61,2,41,2013-2017
640,7-Apr-14,458,599,-0.5972,-0.61,2,42,2013-2017
641,10-Apr-14,441.93,599,-0.6113,-0.61,2,43,2013-2017
642,13-Apr-14,423.37,599,-0.6276,-0.63,2,44,2013-2017
643,16-Apr-14,523,599,-0.54,-0.63,2,45,2013-2017
644,19-Apr-14,482.11,599,-0.5759,-0.63,2,46,2013-2017
645,22-Apr-14,498.38,599,-0.5616,-0.63,2,47,2013-2017
646,25-Apr-14,502.15,599,-0.5583,-0.63,2,48,2013-2017
647,28-Apr-14,438.8,599,-0.614,-0.63,2,49,2013-2017
648,1-May-14,452.03,599,-0.6024,-0.63,2,50,2013-2017
649,4-May-14,440,599,-0.613,-0.63,2,51,2013-2017
650,7-May-14,428.01,599,-0.6235,-0.63,2,52,2013-2017
651,10-May-14,449,599,-0.6051,-0.63,2,53,2013-2017
652,13-May-14,442.45,599,-0.6108,-0.63,2,54,2013-2017
653,16-May-14,446.53,599,-0.6072,-0.63,2,55,2013-2017
654,19-May-14,446.89,599,-0.6069,-0.63,2,56,2013-2017
655,22-May-14,493.97,599,-0.5655,-0.63,2,57,2013-2017
656,25-May-14,527.91,599,-0.5357,-0.63,2,58,2013-2017
657,28-May-14,572.7,599,-0.4963,-0.63,2,59,2013-2017
658,31-May-14,621.3,599,-0.4535,-0.63,2,60,2013-2017
659,3-Jun-14,662,599,-0.4177,-0.63,2,61,2013-2017
660,6-Jun-14,661.48,599,-0.4182,-0.63,2,62,2013-2017
661,9-Jun-14,657.11,599,-0.422,-0.63,2,63,2013-2017
662,12-Jun-14,624.97,599,-0.4503,-0.63,2,64,2013-2017
663,15-Jun-14,572.28,599,-0.4966,-0.63,2,65,2013-2017
664,18-Jun-14,608,599,-0.4652,-0.63,2,66,2013-2017
665,21-Jun-14,593.48,599,-0.478,-0.63,2,67,2013-2017
666,24-Jun-14,588.25,599,-0.4826,-0.63,2,68,2013-2017
667,27-Jun-14,577.34,599,-0.4922,-0.63,2,69,2013-2017
668,30-Jun-14,599.99,599,-0.4723,-0.63,2,70,2013-2017
669,3-Jul-14,650.49,599,-0.4278,-0.63,2,71,2013-2017
670,6-Jul-14,631,599,-0.445,-0.63,2,72,2013-2017
671,9-Jul-14,624.97,599,-0.4503,-0.63,2,73,2013-2017
672,12-Jul-14,634,599,-0.4423,-0.63,2,74,2013-2017
673,15-Jul-14,621.21,599,-0.4536,-0.63,2,75,2013-2017
674,18-Jul-14,625.8,599,-0.4496,-0.63,2,76,2013-2017
675,21-Jul-14,627,599,-0.4485,-0.63,2,77,2013-2017
676,24-Jul-14,620.43,599,-0.4543,-0.63,2,78,2013-2017
677,27-Jul-14,595.9,599,-0.4759,-0.63,2,79,2013-2017
678,30-Jul-14,585.5,599,-0.485,-0.63,2,80,2013-2017
679,2-Aug-14,595.76,599,-0.476,-0.63,2,81,2013-2017
680,5-Aug-14,588.5,599,-0.4824,-0.63,2,82,2013-2017
681,8-Aug-14,585.02,599,-0.4854,-0.63,2,83,2013-2017
682,11-Aug-14,590.74,599,-0.4804,-0.63,2,84,2013-2017
683,14-Aug-14,549.98,599,-0.5162,-0.63,2,85,2013-2017
684,17-Aug-14,523.88,599,-0.5392,-0.63,2,86,2013-2017
685,20-Aug-14,490,599,-0.569,-0.63,2,87,2013-2017
686,23-Aug-14,515.69,599,-0.5464,-0.63,2,88,2013-2017
687,26-Aug-14,501.55,599,-0.5588,-0.63,2,89,2013-2017
688,29-Aug-14,506.61,599,-0.5544,-0.63,2,90,2013-2017
689,1-Sep-14,478.87,599,-0.5788,-0.63,2,91,2013-2017
690,4-Sep-14,474.5,599,-0.5826,-0.63,2,92,2013-2017
691,7-Sep-14,479.59,599,-0.5782,-0.63,2,93,2013-2017
692,10-Sep-14,473.35,599,-0.5836,-0.63,2,94,2013-2017
693,13-Sep-14,474.62,599,-0.5825,-0.63,2,95,2013-2017
694,16-Sep-14,470.83,599,-0.5859,-0.63,2,96,2013-2017
695,19-Sep-14,425.56,599,-0.6257,-0.63,2,97,2013-2017
696,22-Sep-14,401.15,599,-0.6472,-0.65,2,98,2013-2017
697,25-Sep-14,423.68,599,-0.6273,-0.65,2,99,2013-2017
698,28-Sep-14,400.39,599,-0.6478,-0.65,2,100,2013-2017
699,1-Oct-14,390.18,599,-0.6568,-0.66,2,101,2013-2017
700,4-Oct-14,358.9,599,-0.6843,-0.68,2,102,2013-2017
701,7-Oct-14,327.61,599,-0.7118,-0.71,2,103,2013-2017
702,10-Oct-14,363.61,599,-0.6802,-0.71,2,104,2013-2017
703,13-Oct-14,380.8,599,-0.6651,-0.71,2,105,2013-2017
704,16-Oct-14,394.84,599,-0.6527,-0.71,2,106,2013-2017
705,19-Oct-14,391,599,-0.6561,-0.71,2,107,2013-2017
706,22-Oct-14,385.89,599,-0.6606,-0.71,2,108,2013-2017
707,25-Oct-14,358.49,599,-0.6847,-0.71,2,109,2013-2017
708,28-Oct-14,350.9,599,-0.6914,-0.71,2,110,2013-2017
709,31-Oct-14,345.3,599,-0.6963,-0.71,2,111,2013-2017
710,3-Nov-14,324.36,599,-0.7147,-0.71,2,112,2013-2017
711,6-Nov-14,338.63,599,-0.7021,-0.71,2,113,2013-2017
712,9-Nov-14,346.94,599,-0.6948,-0.71,2,114,2013-2017
713,12-Nov-14,369.41,599,-0.6751,-0.71,2,115,2013-2017
714,15-Nov-14,399.11,599,-0.6489,-0.71,2,116,2013-2017
715,18-Nov-14,388.87,599,-0.658,-0.71,2,117,2013-2017
716,21-Nov-14,356.47,599,-0.6865,-0.71,2,118,2013-2017
717,24-Nov-14,367.12,599,-0.6771,-0.71,2,119,2013-2017
718,27-Nov-14,366.86,599,-0.6773,-0.71,2,120,2013-2017
719,30-Nov-14,375.59,599,-0.6696,-0.71,2,121,2013-2017
720,3-Dec-14,379.62,599,-0.6661,-0.71,2,122,2013-2017
721,6-Dec-14,376,599,-0.6693,-0.71,2,123,2013-2017
722,9-Dec-14,362.99,599,-0.6807,-0.71,2,124,2013-2017
723,12-Dec-14,348.97,599,-0.6931,-0.71,2,125,2013-2017
724,15-Dec-14,357.8,599,-0.6853,-0.71,2,126,2013-2017
725,18-Dec-14,321.34,599,-0.7174,-0.72,2,127,2013-2017
726,21-Dec-14,331.52,599,-0.7084,-0.72,2,128,2013-2017
727,24-Dec-14,336.95,599,-0.7036,-0.72,2,129,2013-2017
728,27-Dec-14,329.94,599,-0.7098,-0.72,2,130,2013-2017
729,30-Dec-14,313.4,599,-0.7243,-0.72,2,131,2013-2017
730,2-Jan-15,314.81,599,-0.7231,-0.72,2,132,2013-2017
731,5-Jan-15,263.17,599,-0.7685,-0.77,2,133,2013-2017
732,8-Jan-15,297.99,599,-0.7379,-0.77,2,134,2013-2017
733,11-Jan-15,275.97,599,-0.7573,-0.77,2,135,2013-2017
734,14-Jan-15,222,599,-0.8047,-0.8,2,136,2013-2017
735,17-Jan-15,208.13,599,-0.8169,-0.82,2,137,2013-2017
736,20-Jan-15,216.01,599,-0.81,-0.82,2,138,2013-2017
737,23-Jan-15,233.51,599,-0.7946,-0.82,2,139,2013-2017
738,26-Jan-15,254.32,599,-0.7763,-0.82,2,140,2013-2017
739,29-Jan-15,236.2,599,-0.7922,-0.82,2,141,2013-2017
740,1-Feb-15,219.25,599,-0.8072,-0.82,2,142,2013-2017
741,4-Feb-15,227.53,599,-0.7999,-0.82,2,143,2013-2017
742,7-Feb-15,222.36,599,-0.8044,-0.82,2,144,2013-2017
743,10-Feb-15,219.93,599,-0.8066,-0.82,2,145,2013-2017
744,13-Feb-15,222.33,599,-0.8044,-0.82,2,146,2013-2017
745,16-Feb-15,234.18,599,-0.794,-0.82,2,147,2013-2017
746,19-Feb-15,237.44,599,-0.7912,-0.82,2,148,2013-2017
747,22-Feb-15,245.41,599,-0.7841,-0.82,2,149,2013-2017
748,25-Feb-15,239.94,599,-0.789,-0.82,2,150,2013-2017
749,28-Feb-15,252.11,599,-0.7782,-0.82,2,151,2013-2017
750,3-Mar-15,275.87,599,-0.7573,-0.82,2,152,2013-2017
751,6-Mar-15,273.11,599,-0.7598,-0.82,2,153,2013-2017
752,9-Mar-15,275,599,-0.7581,-0.82,2,154,2013-2017
753,12-Mar-15,296.56,599,-0.7392,-0.82,2,155,2013-2017
754,15-Mar-15,282.2,599,-0.7518,-0.82,2,156,2013-2017
755,18-Mar-15,284.48,599,-0.7498,-0.82,2,157,2013-2017
756,21-Mar-15,262.1,599,-0.7695,-0.82,2,158,2013-2017
757,24-Mar-15,265.99,599,-0.766,-0.82,2,159,2013-2017
758,27-Mar-15,249.23,599,-0.7808,-0.82,2,160,2013-2017
759,30-Mar-15,242.34,599,-0.7868,-0.82,2,161,2013-2017
760,2-Apr-15,246.49,599,-0.7832,-0.82,2,162,2013-2017
761,5-Apr-15,253.67,599,-0.7769,-0.82,2,163,2013-2017
762,8-Apr-15,253.9,599,-0.7767,-0.82,2,164,2013-2017
763,11-Apr-15,236,599,-0.7924,-0.82,2,165,2013-2017
764,14-Apr-15,223.01,599,-0.8038,-0.82,2,166,2013-2017
765,17-Apr-15,227.5,599,-0.7999,-0.82,2,167,2013-2017
766,20-Apr-15,222.61,599,-0.8042,-0.82,2,168,2013-2017
767,23-Apr-15,233.59,599,-0.7945,-0.82,2,169,2013-2017
768,26-Apr-15,226.29,599,-0.801,-0.82,2,170,2013-2017
769,29-Apr-15,225.2,599,-0.8019,-0.82,2,171,2013-2017
770,2-May-15,230.97,599,-0.7968,-0.82,2,172,2013-2017
771,5-May-15,238.25,599,-0.7904,-0.82,2,173,2013-2017
772,8-May-15,237.16,599,-0.7914,-0.82,2,174,2013-2017
773,11-May-15,239.11,599,-0.7897,-0.82,2,175,2013-2017
774,14-May-15,235.97,599,-0.7924,-0.82,2,176,2013-2017
775,17-May-15,236.63,599,-0.7919,-0.82,2,177,2013-2017
776,20-May-15,231.4,599,-0.7965,-0.82,2,178,2013-2017
777,23-May-15,238.8,599,-0.79,-0.82,2,179,2013-2017
778,26-May-15,235.59,599,-0.7928,-0.82,2,180,2013-2017
779,29-May-15,236.44,599,-0.792,-0.82,2,181,2013-2017
780,1-Jun-15,228.34,599,-0.7992,-0.82,2,182,2013-2017
781,4-Jun-15,225.4,599,-0.8017,-0.82,2,183,2013-2017
782,7-Jun-15,224.99,599,-0.8021,-0.82,2,184,2013-2017
783,10-Jun-15,228.88,599,-0.7987,-0.82,2,185,2013-2017
784,13-Jun-15,229.6,599,-0.798,-0.82,2,186,2013-2017
785,16-Jun-15,236,599,-0.7924,-0.82,2,187,2013-2017
786,19-Jun-15,248.26,599,-0.7816,-0.82,2,188,2013-2017
787,22-Jun-15,243.55,599,-0.7858,-0.82,2,189,2013-2017
788,25-Jun-15,240.2,599,-0.7887,-0.82,2,190,2013-2017
789,28-Jun-15,251.21,599,-0.779,-0.82,2,191,2013-2017
790,1-Jul-15,262.43,599,-0.7692,-0.82,2,192,2013-2017
791,4-Jul-15,256.12,599,-0.7747,-0.82,2,193,2013-2017
792,7-Jul-15,268.53,599,-0.7638,-0.82,2,194,2013-2017
793,10-Jul-15,269,599,-0.7634,-0.82,2,195,2013-2017
794,13-Jul-15,310.55,599,-0.7268,-0.82,2,196,2013-2017
795,16-Jul-15,285.66,599,-0.7487,-0.82,2,197,2013-2017
796,19-Jul-15,276.74,599,-0.7566,-0.82,2,198,2013-2017
797,22-Jul-15,276.76,599,-0.7566,-0.82,2,199,2013-2017
798,25-Jul-15,289,599,-0.7458,-0.82,2,200,2013-2017
799,28-Jul-15,293.93,599,-0.7415,-0.82,2,201,2013-2017
800,31-Jul-15,288.45,599,-0.7463,-0.82,2,202,2013-2017
801,3-Aug-15,282.26,599,-0.7517,-0.82,2,203,2013-2017
802,6-Aug-15,281,599,-0.7528,-0.82,2,204,2013-2017
803,9-Aug-15,262.22,599,-0.7694,-0.82,2,205,2013-2017
804,12-Aug-15,270.98,599,-0.7617,-0.82,2,206,2013-2017
805,15-Aug-15,265.93,599,-0.7661,-0.82,2,207,2013-2017
806,18-Aug-15,256.66,599,-0.7742,-0.82,2,208,2013-2017
807,21-Aug-15,235.31,599,-0.793,-0.82,2,209,2013-2017
808,24-Aug-15,228.14,599,-0.7993,-0.82,2,210,2013-2017
809,27-Aug-15,225.04,599,-0.8021,-0.82,2,211,2013-2017
810,30-Aug-15,229.63,599,-0.798,-0.82,2,212,2013-2017
811,2-Sep-15,227.97,599,-0.7995,-0.82,2,213,2013-2017
812,5-Sep-15,230.73,599,-0.7971,-0.82,2,214,2013-2017
813,8-Sep-15,240.47,599,-0.7885,-0.82,2,215,2013-2017
814,11-Sep-15,238.81,599,-0.7899,-0.82,2,216,2013-2017
815,14-Sep-15,230,599,-0.7977,-0.82,2,217,2013-2017
816,17-Sep-15,228.33,599,-0.7992,-0.82,2,218,2013-2017
817,20-Sep-15,230.25,599,-0.7975,-0.82,2,219,2013-2017
818,23-Sep-15,230.42,599,-0.7973,-0.82,2,220,2013-2017
819,26-Sep-15,235.22,599,-0.7931,-0.82,2,221,2013-2017
820,29-Sep-15,239.14,599,-0.7897,-0.82,2,222,2013-2017
821,2-Oct-15,238.03,599,-0.7906,-0.82,2,223,2013-2017
822,5-Oct-15,238.4,599,-0.7903,-0.82,2,224,2013-2017
823,8-Oct-15,243.01,599,-0.7863,-0.82,2,225,2013-2017
824,11-Oct-15,245.72,599,-0.7839,-0.82,2,226,2013-2017
825,14-Oct-15,249.98,599,-0.7801,-0.82,2,227,2013-2017
826,17-Oct-15,262.26,599,-0.7693,-0.82,2,228,2013-2017
827,20-Oct-15,263.59,599,-0.7682,-0.82,2,229,2013-2017
828,23-Oct-15,274.35,599,-0.7587,-0.82,2,230,2013-2017
829,26-Oct-15,282.8,599,-0.7513,-0.82,2,231,2013-2017
830,29-Oct-15,304.79,599,-0.7319,-0.82,2,232,2013-2017
831,1-Nov-15,310.18,599,-0.7272,-0.82,2,233,2013-2017
832,4-Nov-15,404.5,599,-0.6442,-0.82,2,234,2013-2017
833,7-Nov-15,373.69,599,-0.6713,-0.82,2,235,2013-2017
834,10-Nov-15,380.62,599,-0.6652,-0.82,2,236,2013-2017
835,13-Nov-15,340.81,599,-0.7002,-0.82,2,237,2013-2017
836,16-Nov-15,318.97,599,-0.7194,-0.82,2,238,2013-2017
837,19-Nov-15,333.66,599,-0.7065,-0.82,2,239,2013-2017
838,22-Nov-15,326.31,599,-0.713,-0.82,2,240,2013-2017
839,25-Nov-15,319.64,599,-0.7188,-0.82,2,241,2013-2017
840,28-Nov-15,358,599,-0.6851,-0.82,2,242,2013-2017
841,1-Dec-15,377.27,599,-0.6682,-0.82,2,243,2013-2017
842,4-Dec-15,361.47,599,-0.6821,-0.82,2,244,2013-2017
843,7-Dec-15,387.3,599,-0.6593,-0.82,2,245,2013-2017
844,10-Dec-15,416.49,599,-0.6337,-0.82,2,246,2013-2017
845,13-Dec-15,436.2,599,-0.6163,-0.82,2,247,2013-2017
846,16-Dec-15,463.98,599,-0.5919,-0.82,2,248,2013-2017
847,19-Dec-15,463,599,-0.5928,-0.82,2,249,2013-2017
848,22-Dec-15,438.35,599,-0.6144,-0.82,2,250,2013-2017
849,25-Dec-15,456,599,-0.5989,-0.82,2,251,2013-2017
850,28-Dec-15,422.42,599,-0.6284,-0.82,2,252,2013-2017
851,31-Dec-15,428.23,599,-0.6233,-0.82,2,253,2013-2017
852,3-Jan-16,432.76,599,-0.6194,-0.82,2,254,2013-2017
853,6-Jan-16,432.43,599,-0.6196,-0.82,2,255,2013-2017
854,9-Jan-16,452.64,599,-0.6019,-0.82,2,256,2013-2017
855,12-Jan-16,447.98,599,-0.606,-0.82,2,257,2013-2017
856,15-Jan-16,429.55,599,-0.6222,-0.82,2,258,2013-2017
857,18-Jan-16,380.16,599,-0.6656,-0.82,2,259,2013-2017
858,21-Jan-16,420.35,599,-0.6303,-0.82,2,260,2013-2017
859,24-Jan-16,385.09,599,-0.6613,-0.82,2,261,2013-2017
860,27-Jan-16,391.66,599,-0.6555,-0.82,2,262,2013-2017
861,30-Jan-16,378.18,599,-0.6674,-0.82,2,263,2013-2017
862,2-Feb-16,371.99,599,-0.6728,-0.82,2,264,2013-2017
863,5-Feb-16,388,599,-0.6587,-0.82,2,265,2013-2017
864,8-Feb-16,375,599,-0.6702,-0.82,2,266,2013-2017
865,11-Feb-16,379.14,599,-0.6665,-0.82,2,267,2013-2017
866,14-Feb-16,389.88,599,-0.6571,-0.82,2,268,2013-2017
867,17-Feb-16,407,599,-0.642,-0.82,2,269,2013-2017
868,20-Feb-16,419.98,599,-0.6306,-0.82,2,270,2013-2017
869,23-Feb-16,436.76,599,-0.6158,-0.82,2,271,2013-2017
870,26-Feb-16,423.46,599,-0.6275,-0.82,2,272,2013-2017
871,29-Feb-16,431.89,599,-0.6201,-0.82,2,273,2013-2017
872,3-Mar-16,422.5,599,-0.6284,-0.82,2,274,2013-2017
873,6-Mar-16,399.17,599,-0.6489,-0.82,2,275,2013-2017
874,9-Mar-16,412.15,599,-0.6375,-0.82,2,276,2013-2017
875,12-Mar-16,420.11,599,-0.6305,-0.82,2,277,2013-2017
876,15-Mar-16,414.99,599,-0.635,-0.82,2,278,2013-2017
877,18-Mar-16,418.49,599,-0.6319,-0.82,2,279,2013-2017
878,21-Mar-16,411.81,599,-0.6378,-0.82,2,280,2013-2017
879,24-Mar-16,417.96,599,-0.6324,-0.82,2,281,2013-2017
880,27-Mar-16,416.96,599,-0.6332,-0.82,2,282,2013-2017
881,30-Mar-16,415.83,599,-0.6342,-0.82,2,283,2013-2017
882,2-Apr-16,416.31,599,-0.6338,-0.82,2,284,2013-2017
883,5-Apr-16,419.71,599,-0.6308,-0.82,2,285,2013-2017
884,8-Apr-16,419.95,599,-0.6306,-0.82,2,286,2013-2017
885,11-Apr-16,420.75,599,-0.6299,-0.82,2,287,2013-2017
886,14-Apr-16,423.87,599,-0.6272,-0.82,2,288,2013-2017
887,17-Apr-16,430.58,599,-0.6213,-0.82,2,289,2013-2017
888,20-Apr-16,435.95,599,-0.6165,-0.82,2,290,2013-2017
889,23-Apr-16,447.7,599,-0.6062,-0.82,2,291,2013-2017
890,26-Apr-16,462.5,599,-0.5932,-0.82,2,292,2013-2017
891,29-Apr-16,449.98,599,-0.6042,-0.82,2,293,2013-2017
892,2-May-16,453,599,-0.6015,-0.82,2,294,2013-2017
893,5-May-16,446.84,599,-0.607,-0.82,2,295,2013-2017
894,8-May-16,459.02,599,-0.5963,-0.82,2,296,2013-2017
895,11-May-16,450.78,599,-0.6035,-0.82,2,297,2013-2017
896,14-May-16,455.82,599,-0.5991,-0.82,2,298,2013-2017
897,17-May-16,454,599,-0.6007,-0.82,2,299,2013-2017
898,20-May-16,436.05,599,-0.6165,-0.82,2,300,2013-2017
899,23-May-16,438.47,599,-0.6143,-0.82,2,301,2013-2017
900,26-May-16,448.7,599,-0.6053,-0.82,2,302,2013-2017
901,29-May-16,526.64,599,-0.5368,-0.82,2,303,2013-2017
902,1-Jun-16,531.97,599,-0.5321,-0.82,2,304,2013-2017
903,4-Jun-16,567.88,599,-0.5005,-0.82,2,305,2013-2017
904,7-Jun-16,583.72,599,-0.4866,-0.82,2,306,2013-2017
905,10-Jun-16,574.32,599,-0.4948,-0.82,2,307,2013-2017
906,13-Jun-16,665.85,599,-0.4143,-0.82,2,308,2013-2017
907,16-Jun-16,693.88,599,-0.3897,-0.82,2,309,2013-2017
908,19-Jun-16,751.96,599,-0.3386,-0.82,2,310,2013-2017
909,22-Jun-16,664.46,599,-0.4156,-0.82,2,311,2013-2017
910,25-Jun-16,665,599,-0.4151,-0.82,2,312,2013-2017
911,28-Jun-16,651.85,599,-0.4266,-0.82,2,313,2013-2017
912,1-Jul-16,667.95,599,-0.4125,-0.82,2,314,2013-2017
913,4-Jul-16,656.97,599,-0.4221,-0.82,2,315,2013-2017
914,7-Jul-16,673.76,599,-0.4074,-0.82,2,316,2013-2017
915,10-Jul-16,647.41,599,-0.4305,-0.82,2,317,2013-2017
916,13-Jul-16,664.5,599,-0.4155,-0.82,2,318,2013-2017
917,16-Jul-16,663.19,599,-0.4167,-0.82,2,319,2013-2017
918,19-Jul-16,673.46,599,-0.4076,-0.82,2,320,2013-2017
919,22-Jul-16,664,599,-0.416,-0.82,2,321,2013-2017
920,25-Jul-16,661.48,599,-0.4182,-0.82,2,322,2013-2017
921,28-Jul-16,655.37,599,-0.4235,-0.82,2,323,2013-2017
922,31-Jul-16,654.68,599,-0.4242,-0.82,2,324,2013-2017
923,3-Aug-16,530.74,599,-0.5332,-0.82,2,325,2013-2017
924,6-Aug-16,572.72,599,-0.4962,-0.82,2,326,2013-2017
925,9-Aug-16,591.69,599,-0.4796,-0.82,2,327,2013-2017
926,12-Aug-16,586.01,599,-0.4846,-0.82,2,328,2013-2017
927,15-Aug-16,567.34,599,-0.501,-0.82,2,329,2013-2017
928,18-Aug-16,570.92,599,-0.4978,-0.82,2,330,2013-2017
929,21-Aug-16,577.52,599,-0.492,-0.82,2,331,2013-2017
930,24-Aug-16,581.98,599,-0.4881,-0.82,2,332,2013-2017
931,27-Aug-16,577.77,599,-0.4918,-0.82,2,333,2013-2017
932,30-Aug-16,571.5,599,-0.4973,-0.82,2,334,2013-2017
933,2-Sep-16,571,599,-0.4978,-0.82,2,335,2013-2017
934,5-Sep-16,603.95,599,-0.4688,-0.82,2,336,2013-2017
935,8-Sep-16,615.33,599,-0.4588,-0.82,2,337,2013-2017
936,11-Sep-16,621.65,599,-0.4532,-0.82,2,338,2013-2017
937,14-Sep-16,608.82,599,-0.4645,-0.82,2,339,2013-2017
938,17-Sep-16,607.04,599,-0.4661,-0.82,2,340,2013-2017
939,20-Sep-16,608.66,599,-0.4646,-0.82,2,341,2013-2017
940,23-Sep-16,594.08,599,-0.4775,-0.82,2,342,2013-2017
941,26-Sep-16,598.98,599,-0.4731,-0.82,2,343,2013-2017
942,29-Sep-16,603.85,599,-0.4689,-0.82,2,344,2013-2017
943,2-Oct-16,612.98,599,-0.4608,-0.82,2,345,2013-2017
944,5-Oct-16,607.18,599,-0.4659,-0.82,2,346,2013-2017
945,8-Oct-16,614.74,599,-0.4593,-0.82,2,347,2013-2017
946,11-Oct-16,614.77,599,-0.4593,-0.82,2,348,2013-2017
947,14-Oct-16,634.02,599,-0.4423,-0.82,2,349,2013-2017
948,17-Oct-16,638.97,599,-0.438,-0.82,2,350,2013-2017
949,20-Oct-16,627.72,599,-0.4479,-0.82,2,351,2013-2017
950,23-Oct-16,653.25,599,-0.4254,-0.82,2,352,2013-2017
951,26-Oct-16,651.45,599,-0.427,-0.82,2,353,2013-2017
952,29-Oct-16,685.91,599,-0.3967,-0.82,2,354,2013-2017
953,1-Nov-16,697.01,599,-0.3869,-0.82,2,355,2013-2017
954,4-Nov-16,683.69,599,-0.3986,-0.82,2,356,2013-2017
955,7-Nov-16,709.96,599,-0.3755,-0.82,2,357,2013-2017
956,10-Nov-16,721.5,599,-0.3654,-0.82,2,358,2013-2017
957,13-Nov-16,702.28,599,-0.3823,-0.82,2,359,2013-2017
958,16-Nov-16,711.73,599,-0.374,-0.82,2,360,2013-2017
959,19-Nov-16,748.98,599,-0.3412,-0.82,2,361,2013-2017
960,22-Nov-16,736.97,599,-0.3518,-0.82,2,362,2013-2017
961,25-Nov-16,735.64,599,-0.3529,-0.82,2,363,2013-2017
962,28-Nov-16,727.31,599,-0.3603,-0.82,2,364,2013-2017
963,1-Dec-16,742.05,599,-0.3473,-0.82,2,365,2013-2017
964,4-Dec-16,762.97,599,-0.3289,-0.82,2,366,2013-2017
965,7-Dec-16,758.99,599,-0.3324,-0.82,2,367,2013-2017
966,10-Dec-16,769.08,599,-0.3235,-0.82,2,368,2013-2017
967,13-Dec-16,777.99,599,-0.3157,-0.82,2,369,2013-2017
968,16-Dec-16,775.88,599,-0.3175,-0.82,2,370,2013-2017
969,19-Dec-16,788.67,599,-0.3063,-0.82,2,371,2013-2017
970,22-Dec-16,834.97,599,-0.2656,-0.82,2,372,2013-2017
971,25-Dec-16,892.6,599,-0.2149,-0.82,2,373,2013-2017
972,28-Dec-16,930.34,599,-0.1817,-0.82,2,374,2013-2017
973,31-Dec-16,958.12,599,-0.1573,-0.82,2,375,2013-2017
974,3-Jan-17,1013.42,599,-0.1086,-0.82,2,376,2013-2017
975,6-Jan-17,999.65,599,-0.1207,-0.82,2,377,2013-2017
976,9-Jan-17,910.49,599,-0.1991,-0.82,2,378,2013-2017
977,12-Jan-17,780.92,599,-0.3131,-0.82,2,379,2013-2017
978,15-Jan-17,819.55,599,-0.2791,-0.82,2,380,2013-2017
979,18-Jan-17,906.6,599,-0.2026,-0.82,2,381,2013-2017
980,21-Jan-17,895.64,599,-0.2122,-0.82,2,382,2013-2017
981,24-Jan-17,919.97,599,-0.1908,-0.82,2,383,2013-2017
982,27-Jan-17,915.05,599,-0.1951,-0.82,2,384,2013-2017
983,30-Jan-17,912.19,599,-0.1977,-0.82,2,385,2013-2017
984,2-Feb-17,983.42,599,-0.135,-0.82,2,386,2013-2017
985,5-Feb-17,1034.07,599,-0.0904,-0.82,2,387,2013-2017
986,8-Feb-17,1052.84,599,-0.0739,-0.82,2,388,2013-2017
987,11-Feb-17,997.59,599,-0.1225,-0.82,2,389,2013-2017
988,14-Feb-17,1001.2,599,-0.1194,-0.82,2,390,2013-2017
989,17-Feb-17,1035.2,599,-0.0895,-0.82,2,391,2013-2017
990,20-Feb-17,1050.87,599,-0.0757,-0.82,2,392,2013-2017
991,23-Feb-17,1130.01,599,-0.0061,-0.82,2,393,2013-2017
992,26-Feb-17,1150.37,992, -   , -   ,,,Unknown
993,1-Mar-17,1190.89,993, -   , -   ,,,Unknown
994,4-Mar-17,1287,994, -   , -   ,,,Unknown
995,7-Mar-17,1279.5,994,-0.0058,-0.0058,,,Unknown
996,10-Mar-17,1192.09,994,-0.0737,-0.0737,,,Unknown
997,13-Mar-17,1227.68,994,-0.0461,-0.0737,,,Unknown
998,16-Mar-17,1257,994,-0.0233,-0.0737,,,Unknown
999,19-Mar-17,967.69,994,-0.2481,-0.2481,,,Unknown
1000,22-Mar-17,1113,994,-0.1352,-0.2481,,,Unknown
1001,25-Mar-17,927.93,994,-0.279,-0.279,,,Unknown
1002,28-Mar-17,1041.04,994,-0.1911,-0.279,,,Unknown
1003,31-Mar-17,1034.74,994,-0.196,-0.279,,,Unknown
1004,3-Apr-17,1079.99,994,-0.1608,-0.279,,,Unknown
1005,6-Apr-17,1133.53,994,-0.1192,-0.279,,,Unknown
1006,9-Apr-17,1184.03,994,-0.08,-0.279,,,Unknown
1007,12-Apr-17,1219.09,994,-0.0528,-0.279,,,Unknown
1008,15-Apr-17,1170.36,994,-0.0906,-0.279,,,Unknown
1009,18-Apr-17,1176.97,994,-0.0855,-0.279,,,Unknown
1010,21-Apr-17,1236.63,994,-0.0391,-0.279,,,Unknown
1011,24-Apr-17,1240.84,994,-0.0359,-0.279,,,Unknown
1012,27-Apr-17,1288.02,1012, -   , -   ,,,Unknown
1013,30-Apr-17,1333,1013, -   , -   ,,,Unknown
1014,3-May-17,1447.55,1014, -   , -   ,,,Unknown
1015,6-May-17,1518.75,1015, -   , -   ,,,Unknown
1016,9-May-17,1651.1,1016, -   , -   ,,,Unknown
1017,12-May-17,1829,1017, -   , -   ,,,Unknown
1018,15-May-17,1780,1017,-0.0268,-0.0268,,,Unknown
1019,18-May-17,1783.98,1017,-0.0246,-0.0268,,,Unknown
1020,21-May-17,2008.84,1020, -   , -   ,,,Unknown
1021,24-May-17,2256.32,1021, -   , -   ,,,Unknown
1022,27-May-17,2279.82,1022, -   , -   ,,,Unknown
1023,30-May-17,2290.02,1023, -   , -   ,,,Unknown
1024,2-Jun-17,2409.93,1024, -   , -   ,,,Unknown
1025,5-Jun-17,2529.53,1025, -   , -   ,,,Unknown
1026,8-Jun-17,2683.03,1026, -   , -   ,,,Unknown
1027,11-Jun-17,2898.63,1027, -   , -   ,,,Unknown
1028,14-Jun-17,2706,1027,-0.0665,-0.0665,,,Unknown
1029,17-Jun-17,2477.94,1027,-0.1451,-0.1451,,,Unknown
1030,20-Jun-17,2600,1027,-0.103,-0.1451,,,Unknown
1031,23-Jun-17,2713.48,1027,-0.0639,-0.1451,,,Unknown
1032,26-Jun-17,2502.03,1027,-0.1368,-0.1451,,,Unknown
1033,29-Jun-17,2558.3,1027,-0.1174,-0.1451,,,Unknown
1034,2-Jul-17,2421.26,1027,-0.1647,-0.1647,,,Unknown
1035,5-Jul-17,2598.89,1027,-0.1034,-0.1647,,,Unknown
1036,8-Jul-17,2502.86,1027,-0.1365,-0.1647,,,Unknown
1037,11-Jul-17,2327.09,1027,-0.1972,-0.1972,,,Unknown
1038,14-Jul-17,2338.49,1027,-0.1932,-0.1972,,,Unknown
1039,17-Jul-17,1910.96,1027,-0.3407,-0.3407,,,Unknown
1040,20-Jul-17,2265.21,1027,-0.2185,-0.3407,,,Unknown
1041,23-Jul-17,2825.51,1027,-0.0252,-0.3407,,,Unknown
1042,26-Jul-17,2564.3,1027,-0.1153,-0.3407,,,Unknown
1043,29-Jul-17,2784.8,1027,-0.0393,-0.3407,,,Unknown
1044,1-Aug-17,2862.9,1027,-0.0123,-0.3407,,,Unknown
1045,4-Aug-17,2790,1027,-0.0375,-0.3407,,,Unknown
1046,7-Aug-17,3210.2,1046, -   , -   ,,,Unknown
1047,10-Aug-17,3340.28,1047, -   , -   ,,,Unknown
1048,13-Aug-17,3868.52,1048, -   , -   ,,,Unknown
1049,16-Aug-17,4179.97,1049, -   , -   ,,,Unknown
1050,19-Aug-17,4104.71,1049,-0.018,-0.018,,,Unknown
1051,22-Aug-17,3986.28,1049,-0.0463,-0.0463,,,Unknown
1052,25-Aug-17,4331.77,1052, -   , -   ,,,Unknown
1053,28-Aug-17,4339.05,1053, -   , -   ,,,Unknown
1054,31-Aug-17,4582.52,1054, -   , -   ,,,Unknown
1055,3-Sep-17,4585.57,1055, -   , -   ,,,Unknown
1056,6-Sep-17,4385.02,1055,-0.0437,-0.0437,,,Unknown
1057,9-Sep-17,4312.26,1055,-0.0596,-0.0596,,,Unknown
1058,12-Sep-17,4198.59,1055,-0.0844,-0.0844,,,Unknown
1059,15-Sep-17,3216.43,1055,-0.2986,-0.2986,,,Unknown
1060,18-Sep-17,3678.53,1055,-0.1978,-0.2986,,,Unknown
1061,21-Sep-17,3894.48,1055,-0.1507,-0.2986,,,Unknown
1062,24-Sep-17,3777.62,1055,-0.1762,-0.2986,,,Unknown
1063,27-Sep-17,3881,1055,-0.1536,-0.2986,,,Unknown
1064,30-Sep-17,4164.27,1055,-0.0919,-0.2986,,,Unknown
1065,3-Oct-17,4394.07,1055,-0.0418,-0.2986,,,Unknown
1066,6-Oct-17,4318.58,1055,-0.0582,-0.2986,,,Unknown
1067,9-Oct-17,4605.66,1067, -   , -   ,,,Unknown
1068,12-Oct-17,4822.17,1068, -   , -   ,,,Unknown
1069,15-Oct-17,5825.99,1069, -   , -   ,,,Unknown
1070,18-Oct-17,5594.66,1069,-0.0397,-0.0397,,,Unknown
1071,21-Oct-17,5986.44,1071, -   , -   ,,,Unknown
1072,24-Oct-17,5900.59,1071,-0.0143,-0.0143,,,Unknown
1073,27-Oct-17,5889.82,1071,-0.0161,-0.0161,,,Unknown
1074,30-Oct-17,6136.49,1074, -   , -   ,,,Unknown
1075,2-Nov-17,6751.98,1075, -   , -   ,,,Unknown
1076,5-Nov-17,7365.99,1076, -   , -   ,,,Unknown
1077,8-Nov-17,7128.64,1076,-0.0322,-0.0322,,,Unknown
1078,11-Nov-17,6569.22,1076,-0.1082,-0.1082,,,Unknown
1079,14-Nov-17,6493.63,1076,-0.1184,-0.1184,,,Unknown
1080,17-Nov-17,7868.77,1080, -   , -   ,,,Unknown
1081,20-Nov-17,8049.72,1081, -   , -   ,,,Unknown
1082,23-Nov-17,8236.72,1082, -   , -   ,,,Unknown
1083,26-Nov-17,8768.8,1083, -   , -   ,,,Unknown
1084,29-Nov-17,9919,1084, -   , -   ,,,Unknown
1085,2-Dec-17,10879.88,1085, -   , -   ,,,Unknown
1086,5-Dec-17,11591.22,1086, -   , -   ,,,Unknown
1087,8-Dec-17,16860.88,1087, -   , -   ,,,Unknown
1088,11-Dec-17,15068.95,1087,-0.1063,-0.1063,,,Unknown
1089,14-Dec-17,16252.31,1087,-0.0361,-0.1063,,,Unknown
1090,17-Dec-17,19279.9,1090,0,0,3,1,2017-2020
1091,20-Dec-17,17382.94,1090,-0.0984,-0.0984,3,2,2017-2020
1092,23-Dec-17,13776.61,1090,-0.2854,-0.2854,3,3,2017-2020
1093,26-Dec-17,13740.94,1090,-0.2873,-0.2873,3,4,2017-2020
1094,29-Dec-17,14214.01,1090,-0.2628,-0.2873,3,5,2017-2020
1095,1-Jan-18,13796,1090,-0.2844,-0.2873,3,6,2017-2020
1096,4-Jan-18,15039.24,1090,-0.22,-0.2873,3,7,2017-2020
1097,7-Jan-18,17155.95,1090,-0.1102,-0.2873,3,8,2017-2020
1098,10-Jan-18,14437.42,1090,-0.2512,-0.2873,3,9,2017-2020
1099,13-Jan-18,13791.19,1090,-0.2847,-0.2873,3,10,2017-2020
1100,16-Jan-18,13554.14,1090,-0.297,-0.297,3,11,2017-2020
1101,19-Jan-18,11174.82,1090,-0.4204,-0.4204,3,12,2017-2020
1102,22-Jan-18,11513.42,1090,-0.4028,-0.4204,3,13,2017-2020
1103,25-Jan-18,11392.03,1090,-0.4091,-0.4204,3,14,2017-2020
1104,28-Jan-18,11431.37,1090,-0.4071,-0.4204,3,15,2017-2020
1105,31-Jan-18,10082.52,1090,-0.477,-0.477,3,16,2017-2020
1106,3-Feb-18,8852.73,1090,-0.5408,-0.5408,3,17,2017-2020
1107,6-Feb-18,6925.46,1090,-0.6408,-0.6408,3,18,2017-2020
1108,9-Feb-18,8245.08,1090,-0.5723,-0.6408,3,19,2017-2020
1109,12-Feb-18,8068.02,1090,-0.5815,-0.6408,3,20,2017-2020
1110,15-Feb-18,9471.64,1090,-0.5087,-0.6408,3,21,2017-2020
1111,18-Feb-18,11085.83,1090,-0.425,-0.6408,3,22,2017-2020
1112,21-Feb-18,11245.98,1090,-0.4167,-0.6408,3,23,2017-2020
1113,24-Feb-18,10171.3,1090,-0.4724,-0.6408,3,24,2017-2020
1114,27-Feb-18,10319.46,1090,-0.4648,-0.6408,3,25,2017-2020
1115,2-Mar-18,10931.12,1090,-0.433,-0.6408,3,26,2017-2020
1116,5-Mar-18,11516.83,1090,-0.4027,-0.6408,3,27,2017-2020
1117,8-Mar-18,9920.46,1090,-0.4855,-0.6408,3,28,2017-2020
1118,11-Mar-18,8777.37,1090,-0.5447,-0.6408,3,29,2017-2020
1119,14-Mar-18,9153.54,1090,-0.5252,-0.6408,3,30,2017-2020
1120,17-Mar-18,8297.89,1090,-0.5696,-0.6408,3,31,2017-2020
1121,20-Mar-18,8605.64,1090,-0.5536,-0.6408,3,32,2017-2020
1122,23-Mar-18,8725.37,1090,-0.5474,-0.6408,3,33,2017-2020
1123,26-Mar-18,8457.96,1090,-0.5613,-0.6408,3,34,2017-2020
1124,29-Mar-18,7950.61,1090,-0.5876,-0.6408,3,35,2017-2020
1125,1-Apr-18,6937.56,1090,-0.6402,-0.6408,3,36,2017-2020
1126,4-Apr-18,7426.48,1090,-0.6148,-0.6408,3,37,2017-2020
1127,7-Apr-18,6634.68,1090,-0.6559,-0.6559,3,38,2017-2020
1128,10-Apr-18,6784.41,1090,-0.6481,-0.6559,3,39,2017-2020
1129,13-Apr-18,7941.46,1090,-0.5881,-0.6559,3,40,2017-2020
1130,16-Apr-18,8368.1,1090,-0.566,-0.6559,3,41,2017-2020
1131,19-Apr-18,8175.96,1090,-0.5759,-0.6559,3,42,2017-2020
1132,22-Apr-18,8930.6,1090,-0.5368,-0.6559,3,43,2017-2020
1133,25-Apr-18,9658.11,1090,-0.4991,-0.6559,3,44,2017-2020
1134,28-Apr-18,8928.55,1090,-0.5369,-0.6559,3,45,2017-2020
1135,1-May-18,9239.55,1090,-0.5208,-0.6559,3,46,2017-2020
1136,4-May-18,9753.35,1090,-0.4941,-0.6559,3,47,2017-2020
1137,7-May-18,9631.44,1090,-0.5004,-0.6559,3,48,2017-2020
1138,10-May-18,9310.37,1090,-0.5171,-0.6559,3,49,2017-2020
1139,13-May-18,8463.52,1090,-0.561,-0.6559,3,50,2017-2020
1140,16-May-18,8471.06,1090,-0.5606,-0.6559,3,51,2017-2020
1141,19-May-18,8239.08,1090,-0.5727,-0.6559,3,52,2017-2020
1142,22-May-18,8396.63,1090,-0.5645,-0.6559,3,53,2017-2020
1143,25-May-18,7576.78,1090,-0.607,-0.6559,3,54,2017-2020
1144,28-May-18,7344.56,1090,-0.6191,-0.6559,3,55,2017-2020
1145,31-May-18,7386.72,1090,-0.6169,-0.6559,3,56,2017-2020
1146,3-Jun-18,7637.14,1090,-0.6039,-0.6559,3,57,2017-2020
1147,6-Jun-18,7619.43,1090,-0.6048,-0.6559,3,58,2017-2020
1148,9-Jun-18,7615.54,1090,-0.605,-0.6559,3,59,2017-2020
1149,12-Jun-18,6879.31,1090,-0.6432,-0.6559,3,60,2017-2020
1150,15-Jun-18,6637.41,1090,-0.6557,-0.6559,3,61,2017-2020
1151,18-Jun-18,6445.79,1090,-0.6657,-0.6657,3,62,2017-2020
1152,21-Jun-18,6760.83,1090,-0.6493,-0.6657,3,63,2017-2020
1153,24-Jun-18,6170.46,1090,-0.68,-0.68,3,64,2017-2020
1154,27-Jun-18,6097.46,1090,-0.6837,-0.6837,3,65,2017-2020
1155,30-Jun-18,6223.28,1090,-0.6772,-0.6837,3,66,2017-2020
1156,3-Jul-18,6626.44,1090,-0.6563,-0.6837,3,67,2017-2020
1157,6-Jul-18,6555.51,1090,-0.66,-0.6837,3,68,2017-2020
1158,9-Jul-18,6724.04,1090,-0.6512,-0.6837,3,69,2017-2020
1159,12-Jul-18,6403.18,1090,-0.6679,-0.6837,3,70,2017-2020
1160,15-Jul-18,6248.84,1090,-0.6759,-0.6837,3,71,2017-2020
1161,18-Jul-18,7321.62,1090,-0.6202,-0.6837,3,72,2017-2020
1162,21-Jul-18,7334.99,1090,-0.6196,-0.6837,3,73,2017-2020
1163,24-Jul-18,7715.1,1090,-0.5998,-0.6837,3,74,2017-2020
1164,27-Jul-18,7939.81,1090,-0.5882,-0.6837,3,75,2017-2020
1165,30-Jul-18,8220.91,1090,-0.5736,-0.6837,3,76,2017-2020
1166,2-Aug-18,7607.7,1090,-0.6054,-0.6837,3,77,2017-2020
1167,5-Aug-18,7011.28,1090,-0.6363,-0.6837,3,78,2017-2020
1168,8-Aug-18,6718.23,1090,-0.6515,-0.6837,3,79,2017-2020
1169,11-Aug-18,6138.96,1090,-0.6816,-0.6837,3,80,2017-2020
1170,14-Aug-18,6252.13,1090,-0.6757,-0.6837,3,81,2017-2020
1171,17-Aug-18,6312.75,1090,-0.6726,-0.6837,3,82,2017-2020
1172,20-Aug-18,6486.58,1090,-0.6636,-0.6837,3,83,2017-2020
1173,23-Aug-18,6354.57,1090,-0.6704,-0.6837,3,84,2017-2020
1174,26-Aug-18,6738.27,1090,-0.6505,-0.6837,3,85,2017-2020
1175,29-Aug-18,7078.19,1090,-0.6329,-0.6837,3,86,2017-2020
1176,1-Sep-18,7018.78,1090,-0.636,-0.6837,3,87,2017-2020
1177,4-Sep-18,7265.08,1090,-0.6232,-0.6837,3,88,2017-2020
1178,7-Sep-18,6501.19,1090,-0.6628,-0.6837,3,89,2017-2020
1179,10-Sep-18,6240.98,1090,-0.6763,-0.6837,3,90,2017-2020
1180,13-Sep-18,6326.04,1090,-0.6719,-0.6837,3,91,2017-2020
1181,16-Sep-18,6522.39,1090,-0.6617,-0.6837,3,92,2017-2020
1182,19-Sep-18,6342.39,1090,-0.671,-0.6837,3,93,2017-2020
1183,22-Sep-18,6756.12,1090,-0.6496,-0.6837,3,94,2017-2020
1184,25-Sep-18,6583.45,1090,-0.6585,-0.6837,3,95,2017-2020
1185,28-Sep-18,6686.08,1090,-0.6532,-0.6837,3,96,2017-2020
1186,1-Oct-18,6611.02,1090,-0.6571,-0.6837,3,97,2017-2020
1187,4-Oct-18,6483.73,1090,-0.6637,-0.6837,3,98,2017-2020
1188,7-Oct-18,6573.62,1090,-0.659,-0.6837,3,99,2017-2020
1189,10-Oct-18,6626.85,1090,-0.6563,-0.6837,3,100,2017-2020
1190,13-Oct-18,6247,1090,-0.676,-0.6837,3,101,2017-2020
1191,16-Oct-18,6599.17,1090,-0.6577,-0.6837,3,102,2017-2020
1192,19-Oct-18,6509.61,1090,-0.6624,-0.6837,3,103,2017-2020
1193,22-Oct-18,6504.78,1090,-0.6626,-0.6837,3,104,2017-2020
1194,25-Oct-18,6489.77,1090,-0.6634,-0.6837,3,105,2017-2020
1195,28-Oct-18,6457.21,1090,-0.6651,-0.6837,3,106,2017-2020
1196,31-Oct-18,6301.61,1090,-0.6732,-0.6837,3,107,2017-2020
1197,3-Nov-18,6390.42,1090,-0.6685,-0.6837,3,108,2017-2020
1198,6-Nov-18,6437.76,1090,-0.6661,-0.6837,3,109,2017-2020
1199,9-Nov-18,6444.97,1090,-0.6657,-0.6837,3,110,2017-2020
1200,12-Nov-18,6408.53,1090,-0.6676,-0.6837,3,111,2017-2020
1201,15-Nov-18,5756.77,1090,-0.7014,-0.7014,3,112,2017-2020
1202,18-Nov-18,5572.44,1090,-0.711,-0.711,3,113,2017-2020
1203,21-Nov-18,4491.98,1090,-0.767,-0.767,3,114,2017-2020
1204,24-Nov-18,4352.98,1090,-0.7742,-0.7742,3,115,2017-2020
1205,27-Nov-18,3793.35,1090,-0.8032,-0.8032,3,116,2017-2020
1206,30-Nov-18,4278.77,1090,-0.7781,-0.8032,3,117,2017-2020
1207,3-Dec-18,4140.6,1090,-0.7852,-0.8032,3,118,2017-2020
1208,6-Dec-18,3744.98,1090,-0.8058,-0.8058,3,119,2017-2020
1209,9-Dec-18,3453.66,1090,-0.8209,-0.8209,3,120,2017-2020
1210,12-Dec-18,3407.28,1090,-0.8233,-0.8233,3,121,2017-2020
1211,15-Dec-18,3242.42,1090,-0.8318,-0.8318,3,122,2017-2020
1212,18-Dec-18,3556.54,1090,-0.8155,-0.8318,3,123,2017-2020
1213,21-Dec-18,4135.19,1090,-0.7855,-0.8318,3,124,2017-2020
1214,24-Dec-18,3995.17,1090,-0.7928,-0.8318,3,125,2017-2020
1215,27-Dec-18,3848.21,1090,-0.8004,-0.8318,3,126,2017-2020
1216,30-Dec-18,3770.36,1090,-0.8044,-0.8318,3,127,2017-2020
1217,2-Jan-19,3855.88,1090,-0.8,-0.8318,3,128,2017-2020
1218,5-Jan-19,3856.62,1090,-0.8,-0.8318,3,129,2017-2020
1219,8-Jan-19,4032.25,1090,-0.7909,-0.8318,3,130,2017-2020
1220,11-Jan-19,3646.25,1090,-0.8109,-0.8318,3,131,2017-2020
1221,14-Jan-19,3531.96,1090,-0.8168,-0.8318,3,132,2017-2020
1222,17-Jan-19,3621.43,1090,-0.8122,-0.8318,3,133,2017-2020
1223,20-Jan-19,3703.98,1090,-0.8079,-0.8318,3,134,2017-2020
1224,23-Jan-19,3587.35,1090,-0.8139,-0.8318,3,135,2017-2020
1225,26-Jan-19,3577.79,1090,-0.8144,-0.8318,3,136,2017-2020
1226,29-Jan-19,3448.58,1090,-0.8211,-0.8318,3,137,2017-2020
1227,1-Feb-19,3444.81,1090,-0.8213,-0.8318,3,138,2017-2020
1228,4-Feb-19,3456.02,1090,-0.8207,-0.8318,3,139,2017-2020
1229,7-Feb-19,3405.7,1090,-0.8234,-0.8318,3,140,2017-2020
1230,10-Feb-19,3664.38,1090,-0.8099,-0.8318,3,141,2017-2020
1231,13-Feb-19,3632.42,1090,-0.8116,-0.8318,3,142,2017-2020
1232,16-Feb-19,3608.2,1090,-0.8129,-0.8318,3,143,2017-2020
1233,19-Feb-19,3910.8,1090,-0.7972,-0.8318,3,144,2017-2020
1234,22-Feb-19,3944.88,1090,-0.7954,-0.8318,3,145,2017-2020
1235,25-Feb-19,3766.89,1090,-0.8046,-0.8318,3,146,2017-2020
1236,28-Feb-19,3833.23,1090,-0.8012,-0.8318,3,147,2017-2020
1237,3-Mar-19,3831.44,1090,-0.8013,-0.8318,3,148,2017-2020
1238,6-Mar-19,3872.25,1090,-0.7992,-0.8318,3,149,2017-2020
1239,9-Mar-19,3875.96,1090,-0.799,-0.8318,3,150,2017-2020
1240,12-Mar-19,3881.09,1090,-0.7987,-0.8318,3,151,2017-2020
1241,15-Mar-19,3885.21,1090,-0.7985,-0.8318,3,152,2017-2020
1242,18-Mar-19,3994.92,1090,-0.7928,-0.8318,3,153,2017-2020
1243,21-Mar-19,4056.4,1090,-0.7896,-0.8318,3,154,2017-2020
1244,24-Mar-19,4011.92,1090,-0.7919,-0.8318,3,155,2017-2020
1245,27-Mar-19,3947.74,1090,-0.7952,-0.8318,3,156,2017-2020
1246,30-Mar-19,4115.55,1090,-0.7865,-0.8318,3,157,2017-2020
1247,2-Apr-19,4152.53,1090,-0.7846,-0.8318,3,158,2017-2020
1248,5-Apr-19,4911.24,1090,-0.7453,-0.8318,3,159,2017-2020
1249,8-Apr-19,5189.39,1090,-0.7308,-0.8318,3,160,2017-2020
1250,11-Apr-19,5310.18,1090,-0.7246,-0.8318,3,161,2017-2020
1251,14-Apr-19,5064.62,1090,-0.7373,-0.8318,3,162,2017-2020
1252,17-Apr-19,5196.65,1090,-0.7305,-0.8318,3,163,2017-2020
1253,20-Apr-19,5277.04,1090,-0.7263,-0.8318,3,164,2017-2020
1254,23-Apr-19,5377.19,1090,-0.7211,-0.8318,3,165,2017-2020
1255,26-Apr-19,5195.61,1090,-0.7305,-0.8318,3,166,2017-2020
1256,29-Apr-19,5301.29,1090,-0.725,-0.8318,3,167,2017-2020
1257,2-May-19,5326.67,1090,-0.7237,-0.8318,3,168,2017-2020
1258,5-May-19,5771.08,1090,-0.7007,-0.8318,3,169,2017-2020
1259,8-May-19,5755.72,1090,-0.7015,-0.8318,3,170,2017-2020
1260,11-May-19,6348.02,1090,-0.6707,-0.8318,3,171,2017-2020
1261,14-May-19,7823.11,1090,-0.5942,-0.8318,3,172,2017-2020
1262,17-May-19,7885.96,1090,-0.591,-0.8318,3,173,2017-2020
1263,20-May-19,8193.7,1090,-0.575,-0.8318,3,174,2017-2020
1264,23-May-19,7625.93,1090,-0.6045,-0.8318,3,175,2017-2020
1265,26-May-19,8071.45,1090,-0.5814,-0.8318,3,176,2017-2020
1266,29-May-19,8719.88,1090,-0.5477,-0.8318,3,177,2017-2020
1267,1-Jun-19,8553.81,1090,-0.5563,-0.8318,3,178,2017-2020
1268,4-Jun-19,8134.92,1090,-0.5781,-0.8318,3,179,2017-2020
1269,7-Jun-19,7803.23,1090,-0.5953,-0.8318,3,180,2017-2020
1270,10-Jun-19,7640.61,1090,-0.6037,-0.8318,3,181,2017-2020
1271,13-Jun-19,8173.06,1090,-0.5761,-0.8318,3,182,2017-2020
1272,16-Jun-19,8859.47,1090,-0.5405,-0.8318,3,183,2017-2020
1273,19-Jun-19,9076.18,1090,-0.5292,-0.8318,3,184,2017-2020
1274,22-Jun-19,10209.38,1090,-0.4705,-0.8318,3,185,2017-2020
1275,25-Jun-19,11017.5,1090,-0.4285,-0.8318,3,186,2017-2020
1276,28-Jun-19,11132.85,1090,-0.4226,-0.8318,3,187,2017-2020
1277,1-Jul-19,10737.73,1090,-0.4431,-0.8318,3,188,2017-2020
1278,4-Jul-19,11984.76,1090,-0.3784,-0.8318,3,189,2017-2020
1279,7-Jul-19,11232.04,1090,-0.4174,-0.8318,3,190,2017-2020
1280,10-Jul-19,12586.78,1090,-0.3472,-0.8318,3,191,2017-2020
1281,13-Jul-19,11803.97,1090,-0.3878,-0.8318,3,192,2017-2020
1282,16-Jul-19,10873.5,1090,-0.436,-0.8318,3,193,2017-2020
1283,19-Jul-19,10638.56,1090,-0.4482,-0.8318,3,194,2017-2020
1284,22-Jul-19,10587.41,1090,-0.4509,-0.8318,3,195,2017-2020
1285,25-Jul-19,9772.17,1090,-0.4931,-0.8318,3,196,2017-2020
1286,28-Jul-19,9473.99,1090,-0.5086,-0.8318,3,197,2017-2020
1287,31-Jul-19,9589.13,1090,-0.5026,-0.8318,3,198,2017-2020
1288,3-Aug-19,10529.55,1090,-0.4539,-0.8318,3,199,2017-2020
1289,6-Aug-19,11787.99,1090,-0.3886,-0.8318,3,200,2017-2020
1290,9-Aug-19,11996.41,1090,-0.3778,-0.8318,3,201,2017-2020
1291,12-Aug-19,11566.84,1090,-0.4001,-0.8318,3,202,2017-2020
1292,15-Aug-19,10016.96,1090,-0.4804,-0.8318,3,203,2017-2020
1293,18-Aug-19,10214.52,1090,-0.4702,-0.8318,3,204,2017-2020
1294,21-Aug-19,10760.56,1090,-0.4419,-0.8318,3,205,2017-2020
1295,24-Aug-19,10405.81,1090,-0.4603,-0.8318,3,206,2017-2020
1296,27-Aug-19,10360.28,1090,-0.4626,-0.8318,3,207,2017-2020
1297,30-Aug-19,9484.55,1090,-0.5081,-0.8318,3,208,2017-2020
1298,2-Sep-19,9769.79,1090,-0.4933,-0.8318,3,209,2017-2020
1299,5-Sep-19,10584.16,1090,-0.451,-0.8318,3,210,2017-2020
1300,8-Sep-19,10487.21,1090,-0.4561,-0.8318,3,211,2017-2020
1301,11-Sep-19,10101.03,1090,-0.4761,-0.8318,3,212,2017-2020
1302,14-Sep-19,10363.9,1090,-0.4625,-0.8318,3,213,2017-2020
1303,17-Sep-19,10265.63,1090,-0.4675,-0.8318,3,214,2017-2020
1304,20-Sep-19,10275.88,1090,-0.467,-0.8318,3,215,2017-2020
1305,23-Sep-19,10033.05,1090,-0.4796,-0.8318,3,216,2017-2020
1306,26-Sep-19,8432.23,1090,-0.5626,-0.8318,3,217,2017-2020
1307,29-Sep-19,8225,1090,-0.5734,-0.8318,3,218,2017-2020
1308,2-Oct-19,8322.92,1090,-0.5683,-0.8318,3,219,2017-2020
1309,5-Oct-19,8155.48,1090,-0.577,-0.8318,3,220,2017-2020
1310,8-Oct-19,8212.02,1090,-0.5741,-0.8318,3,221,2017-2020
1311,11-Oct-19,8586.9,1090,-0.5546,-0.8318,3,222,2017-2020
1312,14-Oct-19,8283.76,1090,-0.5703,-0.8318,3,223,2017-2020
1313,17-Oct-19,8002.51,1090,-0.5849,-0.8318,3,224,2017-2020
1314,20-Oct-19,7960.04,1090,-0.5871,-0.8318,3,225,2017-2020
1315,23-Oct-19,8026.76,1090,-0.5837,-0.8318,3,226,2017-2020
1316,26-Oct-19,8666.79,1090,-0.5505,-0.8318,3,227,2017-2020
1317,29-Oct-19,9218.76,1090,-0.5218,-0.8318,3,228,2017-2020
1318,1-Nov-19,9147.98,1090,-0.5255,-0.8318,3,229,2017-2020
1319,4-Nov-19,9206.16,1090,-0.5225,-0.8318,3,230,2017-2020
1320,7-Nov-19,9343.34,1090,-0.5154,-0.8318,3,231,2017-2020
1321,10-Nov-19,8809.41,1090,-0.5431,-0.8318,3,232,2017-2020
1322,13-Nov-19,8801.52,1090,-0.5435,-0.8318,3,233,2017-2020
1323,16-Nov-19,8457.69,1090,-0.5613,-0.8318,3,234,2017-2020
1324,19-Nov-19,8175.99,1090,-0.5759,-0.8318,3,235,2017-2020
1325,22-Nov-19,7617.07,1090,-0.6049,-0.8318,3,236,2017-2020
1326,25-Nov-19,6907.4,1090,-0.6417,-0.8318,3,237,2017-2020
1327,28-Nov-19,7523.83,1090,-0.6098,-0.8318,3,238,2017-2020
1328,1-Dec-19,7557.72,1090,-0.608,-0.8318,3,239,2017-2020
1329,4-Dec-19,7296.77,1090,-0.6215,-0.8318,3,240,2017-2020
1330,7-Dec-19,7547.19,1090,-0.6085,-0.8318,3,241,2017-2020
1331,10-Dec-19,7337.42,1090,-0.6194,-0.8318,3,242,2017-2020
1332,13-Dec-19,7189.16,1090,-0.6271,-0.8318,3,243,2017-2020
1333,16-Dec-19,7111.14,1090,-0.6312,-0.8318,3,244,2017-2020
1334,19-Dec-19,7284.29,1090,-0.6222,-0.8318,3,245,2017-2020
1335,22-Dec-19,7143.2,1090,-0.6295,-0.8318,3,246,2017-2020
1336,25-Dec-19,7250.69,1090,-0.6239,-0.8318,3,247,2017-2020
1337,28-Dec-19,7243.93,1090,-0.6243,-0.8318,3,248,2017-2020
1338,31-Dec-19,7219.6,1090,-0.6255,-0.8318,3,249,2017-2020
1339,3-Jan-20,6944.33,1090,-0.6398,-0.8318,3,250,2017-2020
1340,6-Jan-20,7351.57,1090,-0.6187,-0.8318,3,251,2017-2020
1341,9-Jan-20,8042.65,1090,-0.5828,-0.8318,3,252,2017-2020
1342,12-Jan-20,8021.49,1090,-0.5839,-0.8318,3,253,2017-2020
1343,15-Jan-20,8842.42,1090,-0.5414,-0.8318,3,254,2017-2020
1344,18-Jan-20,8900.34,1090,-0.5384,-0.8318,3,255,2017-2020
1345,21-Jan-20,8626.47,1090,-0.5526,-0.8318,3,256,2017-2020
1346,24-Jan-20,8388.11,1090,-0.5649,-0.8318,3,257,2017-2020
1347,27-Jan-20,8588.42,1090,-0.5545,-0.8318,3,258,2017-2020
1348,30-Jan-20,9279.81,1090,-0.5187,-0.8318,3,259,2017-2020
1349,2-Feb-20,9378.09,1090,-0.5136,-0.8318,3,260,2017-2020
1350,5-Feb-20,9162.14,1090,-0.5248,-0.8318,3,261,2017-2020
1351,8-Feb-20,9807.54,1090,-0.4913,-0.8318,3,262,2017-2020
1352,11-Feb-20,9854.79,1090,-0.4889,-0.8318,3,263,2017-2020
1353,14-Feb-20,10242.43,1090,-0.4688,-0.8318,3,264,2017-2020
1354,17-Feb-20,9937.67,1090,-0.4846,-0.8318,3,265,2017-2020
1355,20-Feb-20,9604.72,1090,-0.5018,-0.8318,3,266,2017-2020
1356,23-Feb-20,9669.63,1090,-0.4985,-0.8318,3,267,2017-2020
1357,26-Feb-20,9309.15,1090,-0.5172,-0.8318,3,268,2017-2020
1358,29-Feb-20,8712.35,1090,-0.5481,-0.8318,3,269,2017-2020
1359,3-Mar-20,8912.82,1090,-0.5377,-0.8318,3,270,2017-2020
1360,6-Mar-20,9067.39,1090,-0.5297,-0.8318,3,271,2017-2020
1361,9-Mar-20,8039.38,1090,-0.583,-0.8318,3,272,2017-2020
1362,12-Mar-20,7936.65,1090,-0.5883,-0.8318,3,273,2017-2020
1363,15-Mar-20,5166.26,1090,-0.732,-0.8318,3,274,2017-2020
1364,18-Mar-20,5357.61,1090,-0.7221,-0.8318,3,275,2017-2020
1365,21-Mar-20,6226.44,1090,-0.6771,-0.8318,3,276,2017-2020
1366,24-Mar-20,6502.16,1090,-0.6627,-0.8318,3,277,2017-2020
1367,27-Mar-20,6763.75,1090,-0.6492,-0.8318,3,278,2017-2020
1368,30-Mar-20,5885.41,1090,-0.6947,-0.8318,3,279,2017-2020
1369,2-Apr-20,6652.87,1090,-0.6549,-0.8318,3,280,2017-2020
1370,5-Apr-20,6871.69,1090,-0.6436,-0.8318,3,281,2017-2020
1371,8-Apr-20,7205.55,1090,-0.6263,-0.8318,3,282,2017-2020
1372,11-Apr-20,6873.24,1090,-0.6435,-0.8318,3,283,2017-2020
1373,14-Apr-20,6857.66,1090,-0.6443,-0.8318,3,284,2017-2020
1374,17-Apr-20,7112.27,1090,-0.6311,-0.8318,3,285,2017-2020
1375,20-Apr-20,7130.04,1090,-0.6302,-0.8318,3,286,2017-2020
1376,23-Apr-20,7130.99,1090,-0.6301,-0.8318,3,287,2017-2020
1377,26-Apr-20,7549.52,1090,-0.6084,-0.8318,3,288,2017-2020
1378,29-Apr-20,7765.33,1090,-0.5972,-0.8318,3,289,2017-2020
1379,2-May-20,8824.66,1090,-0.5423,-0.8318,3,290,2017-2020
1380,5-May-20,8885.93,1090,-0.5391,-0.8318,3,291,2017-2020
1381,8-May-20,10002.48,1090,-0.4812,-0.8318,3,292,2017-2020
1382,11-May-20,8754.46,1090,-0.5459,-0.8318,3,293,2017-2020
1383,14-May-20,9305.93,1090,-0.5173,-0.8318,3,294,2017-2020
1384,17-May-20,9385.7,1090,-0.5132,-0.8318,3,295,2017-2020
1385,20-May-20,9785.74,1090,-0.4924,-0.8318,3,296,2017-2020
1386,23-May-20,9167.26,1090,-0.5245,-0.8318,3,297,2017-2020
1387,26-May-20,8899.66,1090,-0.5384,-0.8318,3,298,2017-2020
1388,29-May-20,9569.21,1090,-0.5037,-0.8318,3,299,2017-2020
1389,1-Jun-20,9450.84,1090,-0.5098,-0.8318,3,300,2017-2020
1390,4-Jun-20,9658.04,1090,-0.4991,-0.8318,3,301,2017-2020
1391,7-Jun-20,9670.43,1090,-0.4984,-0.8318,3,302,2017-2020
1392,10-Jun-20,9775.15,1090,-0.493,-0.8318,3,303,2017-2020
1393,13-Jun-20,9459.97,1090,-0.5093,-0.8318,3,304,2017-2020
1394,16-Jun-20,9426.7,1090,-0.5111,-0.8318,3,305,2017-2020
1395,19-Jun-20,9380.03,1090,-0.5135,-0.8318,3,306,2017-2020
1396,22-Jun-20,9284.78,1090,-0.5184,-0.8318,3,307,2017-2020
1397,25-Jun-20,9276.58,1090,-0.5188,-0.8318,3,308,2017-2020
1398,28-Jun-20,9004.23,1090,-0.533,-0.8318,3,309,2017-2020
1399,1-Jul-20,9133.97,1090,-0.5262,-0.8318,3,310,2017-2020
1400,4-Jul-20,9072.42,1090,-0.5294,-0.8318,3,311,2017-2020
1401,7-Jul-20,9348.91,1090,-0.5151,-0.8318,3,312,2017-2020
1402,10-Jul-20,9238.04,1090,-0.5208,-0.8318,3,313,2017-2020
1403,13-Jul-20,9295.9,1090,-0.5178,-0.8318,3,314,2017-2020
1404,16-Jul-20,9193.51,1090,-0.5232,-0.8318,3,315,2017-2020
1405,19-Jul-20,9174.71,1090,-0.5241,-0.8318,3,316,2017-2020
1406,22-Jul-20,9392.66,1090,-0.5128,-0.8318,3,317,2017-2020
1407,25-Jul-20,9551.28,1090,-0.5046,-0.8318,3,318,2017-2020
1408,28-Jul-20,11042.4,1090,-0.4273,-0.8318,3,319,2017-2020
1409,31-Jul-20,11114.93,1090,-0.4235,-0.8318,3,320,2017-2020
1410,3-Aug-20,11077.77,1090,-0.4254,-0.8318,3,321,2017-2020
1411,6-Aug-20,11750.28,1090,-0.3905,-0.8318,3,322,2017-2020
1412,9-Aug-20,11767.6,1090,-0.3896,-0.8318,3,323,2017-2020
1413,12-Aug-20,11392.43,1090,-0.4091,-0.8318,3,324,2017-2020
1414,15-Aug-20,11774.38,1090,-0.3893,-0.8318,3,325,2017-2020
1415,18-Aug-20,12293.72,1090,-0.3624,-0.8318,3,326,2017-2020
1416,21-Aug-20,11865.82,1090,-0.3845,-0.8318,3,327,2017-2020
1417,24-Aug-20,11653.02,1090,-0.3956,-0.8318,3,328,2017-2020
1418,27-Aug-20,11467.37,1090,-0.4052,-0.8318,3,329,2017-2020
1419,30-Aug-20,11481.64,1090,-0.4045,-0.8318,3,330,2017-2020
1420,2-Sep-20,11923.25,1090,-0.3816,-0.8318,3,331,2017-2020
1421,5-Sep-20,10467.89,1090,-0.4571,-0.8318,3,332,2017-2020
1422,8-Sep-20,10367.74,1090,-0.4623,-0.8318,3,333,2017-2020
1423,11-Sep-20,10352.66,1090,-0.463,-0.8318,3,334,2017-2020
1424,14-Sep-20,10330.77,1090,-0.4642,-0.8318,3,335,2017-2020
1425,17-Sep-20,10948.43,1090,-0.4321,-0.8318,3,336,2017-2020
1426,20-Sep-20,11081.43,1090,-0.4252,-0.8318,3,337,2017-2020
1427,23-Sep-20,10532.22,1090,-0.4537,-0.8318,3,338,2017-2020
1428,26-Sep-20,10692.84,1090,-0.4454,-0.8318,3,339,2017-2020
1429,29-Sep-20,10692.33,1090,-0.4454,-0.8318,3,340,2017-2020
1430,2-Oct-20,10619.24,1090,-0.4492,-0.8318,3,341,2017-2020
1431,5-Oct-20,10673.46,1090,-0.4464,-0.8318,3,342,2017-2020
1432,8-Oct-20,10670.8,1090,-0.4465,-0.8318,3,343,2017-2020
1433,11-Oct-20,11302.67,1090,-0.4138,-0.8318,3,344,2017-2020
1434,14-Oct-20,11428.24,1090,-0.4072,-0.8318,3,345,2017-2020
1435,17-Oct-20,11327.57,1090,-0.4125,-0.8318,3,346,2017-2020
1436,20-Oct-20,11758.16,1090,-0.3901,-0.8318,3,347,2017-2020
1437,23-Oct-20,12990.25,1090,-0.3262,-0.8318,3,348,2017-2020
1438,26-Oct-20,13036.77,1090,-0.3238,-0.8318,3,349,2017-2020
1439,29-Oct-20,13289,1090,-0.3107,-0.8318,3,350,2017-2020
1440,1-Nov-20,13810.32,1090,-0.2837,-0.8318,3,351,2017-2020
1441,4-Nov-20,14023.31,1090,-0.2726,-0.8318,3,352,2017-2020
1442,7-Nov-20,15595.77,1090,-0.1911,-0.8318,3,353,2017-2020
1443,10-Nov-20,15328.53,1090,-0.2049,-0.8318,3,354,2017-2020
1444,13-Nov-20,16295.57,1090,-0.1548,-0.8318,3,355,2017-2020
1445,16-Nov-20,15968.16,1090,-0.1718,-0.8318,3,356,2017-2020
1446,19-Nov-20,17798.45,1090,-0.0768,-0.8318,3,357,2017-2020
1447,22-Nov-20,18699.75,1090,-0.0301,-0.8318,3,358,2017-2020
1448,25-Nov-20,19172.52,1090,-0.0056,-0.8318,3,359,2017-2020
1449,28-Nov-20,17138.87,1090,-0.111,-0.8318,3,360,2017-2020
1450,1-Dec-20,19709.73,1450, -   , -   ,,,Unknown
1451,4-Dec-20,19454.54,1450,-0.0129,-0.0129,,,Unknown
1452,7-Dec-20,19377.66,1450,-0.0168,-0.0168,,,Unknown
1453,10-Dec-20,18554.15,1450,-0.0586,-0.0586,,,Unknown
1454,13-Dec-20,18803.44,1450,-0.046,-0.0586,,,Unknown
1455,16-Dec-20,19439.75,1450,-0.0137,-0.0586,,,Unknown
1456,19-Dec-20,23150.79,1456, -   , -   ,,,Unknown
1457,22-Dec-20,22745.48,1456,-0.0175,-0.0175,,,Unknown
1458,25-Dec-20,23715.53,1458, -   , -   ,,,Unknown
1459,28-Dec-20,26246.58,1459, -   , -   ,,,Unknown
1460,31-Dec-20,28856.59,1460, -   , -   ,,,Unknown
1461,3-Jan-21,32195.46,1461, -   , -   ,,,Unknown
1462,6-Jan-21,34046.67,1462, -   , -   ,,,Unknown
1463,9-Jan-21,40670.25,1463, -   , -   ,,,Unknown
1464,12-Jan-21,35544.94,1463,-0.126,-0.126,,,Unknown
1465,15-Jan-21,39158.47,1463,-0.0372,-0.126,,,Unknown
1466,18-Jan-21,35793.01,1463,-0.1199,-0.126,,,Unknown
1467,21-Jan-21,35538.98,1463,-0.1262,-0.1262,,,Unknown
1468,24-Jan-21,32099.74,1463,-0.2107,-0.2107,,,Unknown
1469,27-Jan-21,32541.8,1463,-0.1999,-0.2107,,,Unknown
1470,30-Jan-21,34314.26,1463,-0.1563,-0.2107,,,Unknown
1471,2-Feb-21,33522.9,1463,-0.1757,-0.2107,,,Unknown
1472,5-Feb-21,37002.09,1463,-0.0902,-0.2107,,,Unknown
1473,8-Feb-21,38928.1,1463,-0.0428,-0.2107,,,Unknown
1474,11-Feb-21,44878.17,1474, -   , -   ,,,Unknown
1475,14-Feb-21,47185.19,1475, -   , -   ,,,Unknown
1476,17-Feb-21,49160.1,1476, -   , -   ,,,Unknown
1477,20-Feb-21,55916.5,1477, -   , -   ,,,Unknown
1478,23-Feb-21,54123.4,1477,-0.0321,-0.0321,,,Unknown
1479,26-Feb-21,46800.42,1477,-0.163,-0.163,,,Unknown
1480,1-Mar-21,45113.92,1477,-0.1932,-0.1932,,,Unknown
1481,4-Mar-21,50477.7,1477,-0.0973,-0.1932,,,Unknown
1482,7-Mar-21,48881.59,1477,-0.1258,-0.1932,,,Unknown
1483,10-Mar-21,54881.52,1477,-0.0185,-0.1932,,,Unknown
1484,13-Mar-21,57253.28,1484, -   , -   ,,,Unknown
1485,16-Mar-21,55754.72,1484,-0.0262,-0.0262,,,Unknown
1486,19-Mar-21,57665.9,1486, -   , -   ,,,Unknown
1487,22-Mar-21,57411.17,1486,-0.0044,-0.0044,,,Unknown
1488,25-Mar-21,52508.23,1486,-0.0894,-0.0894,,,Unknown
1489,28-Mar-21,55863.93,1486,-0.0312,-0.0894,,,Unknown
1490,31-Mar-21,58730.13,1490, -   , -   ,,,Unknown
1491,3-Apr-21,59031.32,1491, -   , -   ,,,Unknown
1492,6-Apr-21,59054.1,1492, -   , -   ,,,Unknown
1493,9-Apr-21,58048.59,1492,-0.017,-0.017,,,Unknown
1494,12-Apr-21,59964.87,1494, -   , -   ,,,Unknown
1495,15-Apr-21,62969.12,1495,0,0,4,1,2021-2021
1496,18-Apr-21,60087.09,1495,-0.0458,-0.0458,4,2,2021-2021
1497,21-Apr-21,56507.91,1495,-0.1026,-0.1026,4,3,2021-2021
1498,24-Apr-21,51153.13,1495,-0.1876,-0.1876,4,4,2021-2021
1499,27-Apr-21,54056.64,1495,-0.1415,-0.1876,4,5,2021-2021
1500,30-Apr-21,53584.15,1495,-0.149,-0.1876,4,6,2021-2021
1501,3-May-21,56610.46,1495,-0.101,-0.1876,4,7,2021-2021
1502,6-May-21,57473.23,1495,-0.0873,-0.1876,4,8,2021-2021
1503,9-May-21,58928.81,1495,-0.0642,-0.1876,4,9,2021-2021
1504,12-May-21,56750,1495,-0.0988,-0.1876,4,10,2021-2021
1505,15-May-21,49922.52,1495,-0.2072,-0.2072,4,11,2021-2021
1506,18-May-21,43596.24,1495,-0.3077,-0.3077,4,12,2021-2021
1507,21-May-21,40784.32,1495,-0.3523,-0.3523,4,13,2021-2021
1508,24-May-21,34754.54,1495,-0.4481,-0.4481,4,14,2021-2021
1509,27-May-21,39266.04,1495,-0.3764,-0.4481,4,15,2021-2021
1510,30-May-21,34647.67,1495,-0.4498,-0.4498,4,16,2021-2021
1511,2-Jun-21,36662.64,1495,-0.4178,-0.4498,4,17,2021-2021
1512,5-Jun-21,36885.51,1495,-0.4142,-0.4498,4,18,2021-2021
1513,8-Jun-21,33514.87,1495,-0.4678,-0.4678,4,19,2021-2021
1514,11-Jun-21,36704.57,1495,-0.4171,-0.4678,4,20,2021-2021
1515,14-Jun-21,39066.82,1495,-0.3796,-0.4678,4,21,2021-2021
1516,17-Jun-21,38324.87,1495,-0.3914,-0.4678,4,22,2021-2021
1517,20-Jun-21,35524.17,1495,-0.4358,-0.4678,4,23,2021-2021
1518,23-Jun-21,32447.59,1495,-0.4847,-0.4847,4,24,2021-2021
1519,26-Jun-21,31640.58,1495,-0.4975,-0.4975,4,25,2021-2021
1520,29-Jun-21,34456.67,1495,-0.4528,-0.4975,4,26,2021-2021
1521,2-Jul-21,33536.88,1495,-0.4674,-0.4975,4,27,2021-2021
1522,5-Jul-21,35309.3,1495,-0.4393,-0.4975,4,28,2021-2021
1523,8-Jul-21,33839.04,1495,-0.4626,-0.4975,4,29,2021-2021
1524,11-Jul-21,33515.57,1495,-0.4677,-0.4975,4,30,2021-2021
1525,14-Jul-21,32686.56,1495,-0.4809,-0.4975,4,31,2021-2021
1526,17-Jul-21,31421.25,1495,-0.501,-0.501,4,32,2021-2021
1527,20-Jul-21,30815.94,1495,-0.5106,-0.5106,4,33,2021-2021
1528,23-Jul-21,32297.89,1495,-0.4871,-0.5106,4,34,2021-2021
1529,26-Jul-21,35365.2,1495,-0.4384,-0.5106,4,35,2021-2021
1530,29-Jul-21,40002.53,1495,-0.3647,-0.5106,4,36,2021-2021
1531,1-Aug-21,41659.06,1495,-0.3384,-0.5106,4,37,2021-2021
1532,4-Aug-21,38138,1495,-0.3943,-0.5106,4,38,2021-2021
1533,7-Aug-21,42825.95,1495,-0.3199,-0.5106,4,39,2021-2021
1534,10-Aug-21,46333.46,1495,-0.2642,-0.5106,4,40,2021-2021
1535,13-Aug-21,44417.78,1495,-0.2946,-0.5106,4,41,2021-2021
1536,16-Aug-21,47056.41,1495,-0.2527,-0.5106,4,42,2021-2021
1537,19-Aug-21,44777.86,1495,-0.2889,-0.5106,4,43,2021-2021
1538,22-Aug-21,48932.02,1495,-0.2229,-0.5106,4,44,2021-2021
1539,25-Aug-21,47744.58,1495,-0.2418,-0.5106,4,45,2021-2021
1540,28-Aug-21,49056.86,1495,-0.2209,-0.5106,4,46,2021-2021
1541,31-Aug-21,47074.77,1495,-0.2524,-0.5106,4,47,2021-2021
1542,3-Sep-21,49329.01,1495,-0.2166,-0.5106,4,48,2021-2021
1543,6-Sep-21,51769.06,1495,-0.1779,-0.5106,4,49,2021-2021
1544,9-Sep-21,46078.38,1495,-0.2682,-0.5106,4,50,2021-2021
1545,12-Sep-21,45144.79,1495,-0.2831,-0.5106,4,51,2021-2021
1546,15-Sep-21,47072.12,1495,-0.2525,-0.5106,4,52,2021-2021
1547,18-Sep-21,47263.6,1495,-0.2494,-0.5106,4,53,2021-2021
1548,21-Sep-21,42901.56,1495,-0.3187,-0.5106,4,54,2021-2021
1549,24-Sep-21,44888.96,1495,-0.2871,-0.5106,4,55,2021-2021
1550,27-Sep-21,43182.63,1495,-0.3142,-0.5106,4,56,2021-2021
1551,30-Sep-21,41522.38,1495,-0.3406,-0.5106,4,57,2021-2021
1552,3-Oct-21,47727.1,1495,-0.2421,-0.5106,4,58,2021-2021
1553,6-Oct-21,51505.83,1495,-0.182,-0.5106,4,59,2021-2021
1554,9-Oct-21,53867.3,1495,-0.1445,-0.5106,4,60,2021-2021
1555,12-Oct-21,57452.01,1495,-0.0876,-0.5106,4,61,2021-2021
1556,15-Oct-21,57397.74,1495,-0.0885,-0.5106,4,62,2021-2021
1557,18-Oct-21,61546.21,1495,-0.0226,-0.5106,4,63,2021-2021
1558,21-Oct-21,66063.56,1558,0,0,5,1,2022-
1559,24-Oct-21,61277.28,1558,-0.07,-0.07,5,2,2022-
1560,27-Oct-21,60345.17,1558,-0.09,-0.09,5,3,2022-
1561,30-Oct-21,62249.18,1558,-0.06,-0.09,5,4,2022-
1562,2-Nov-21,61029.5,1558,-0.08,-0.09,5,5,2022-
1563,5-Nov-21,61441.83,1558,-0.07,-0.09,5,6,2022-
1564,8-Nov-21,63293.22,1558,-0.04,-0.09,5,7,2022-
1565,11-Nov-21,64976.73,1558,-0.02,-0.09,5,8,2022-
1566,14-Nov-21,64420.94,1558,-0.02,-0.09,5,9,2022-
1567,17-Nov-21,60172.26,1558,-0.09,-0.09,5,10,2022-
1568,20-Nov-21,58133.02,1558,-0.12,-0.12,5,11,2022-
1569,23-Nov-21,56301.52,1558,-0.15,-0.15,5,12,2022-
1570,26-Nov-21,58935.45,1558,-0.11,-0.15,5,13,2022-
1571,29-Nov-21,57292.28,1558,-0.13,-0.15,5,14,2022-
1572,2-Dec-21,57229.76,1558,-0.13,-0.15,5,15,2022-
1573,5-Dec-21,49253.86,1558,-0.25,-0.25,5,16,2022-
1574,8-Dec-21,50645.41,1558,-0.23,-0.25,5,17,2022-
1575,11-Dec-21,47137.46,1558,-0.29,-0.29,5,18,2022-
1576,14-Dec-21,46757.09,1558,-0.29,-0.29,5,19,2022-
1577,17-Dec-21,47658.38,1558,-0.28,-0.29,5,20,2022-
1578,20-Dec-21,46689.28,1558,-0.29,-0.29,5,21,2022-
1579,23-Dec-21,48628.35,1558,-0.26,-0.29,5,22,2022-
1580,26-Dec-21,50470.89,1558,-0.24,-0.29,5,23,2022-
1581,29-Dec-21,47601.26,1558,-0.28,-0.29,5,24,2022-
1582,1-Jan-22,46249.56,1558,-0.3,-0.3,5,25,2022-
1583,4-Jan-22,46441.99,1558,-0.3,-0.3,5,26,2022-
1584,7-Jan-22,43120.63,1558,-0.35,-0.35,5,27,2022-
1585,10-Jan-22,41864.44,1558,-0.37,-0.37,5,28,2022-
1586,13-Jan-22,43926,1558,-0.34,-0.37,5,29,2022-
1587,16-Jan-22,43146.53,1558,-0.35,-0.37,5,30,2022-
1588,19-Jan-22,42381.48,1558,-0.36,-0.37,5,31,2022-
1589,22-Jan-22,36480.85,1558,-0.45,-0.45,5,32,2022-
1590,25-Jan-22,36678.82,1558,-0.44,-0.45,5,33,2022-
1591,28-Jan-22,37146.85,1558,-0.44,-0.45,5,34,2022-
1592,31-Jan-22,37918.62,1558,-0.43,-0.45,5,35,2022-
1593,3-Feb-22,36912.68,1558,-0.44,-0.45,5,36,2022-
1594,6-Feb-22,41435.43,1558,-0.37,-0.45,5,37,2022-
1595,9-Feb-22,44133.28,1558,-0.33,-0.45,5,38,2022-
1596,12-Feb-22,42401.27,1558,-0.36,-0.45,5,39,2022-
1597,15-Feb-22,42580.94,1558,-0.36,-0.45,5,40,2022-
1598,18-Feb-22,40565.69,1558,-0.39,-0.45,5,41,2022-
1599,21-Feb-22,38382.32,1558,-0.42,-0.45,5,42,2022-
1600,24-Feb-22,37291.48,1558,-0.44,-0.45,5,43,2022-
1601,27-Feb-22,39103.91,1558,-0.41,-0.45,5,44,2022-
1602,2-Mar-22,44418.83,1558,-0.33,-0.45,5,45,2022-
1603,5-Mar-22,39141.25,1558,-0.41,-0.45,5,46,2022-
1604,8-Mar-22,38032.5,1558,-0.42,-0.45,5,47,2022-
1605,11-Mar-22,39437.89,1558,-0.4,-0.45,5,48,2022-
1606,14-Mar-22,37820.39,1558,-0.43,-0.45,5,49,2022-
1607,17-Mar-22,41133.08,1558,-0.38,-0.45,5,50,2022-
1608,20-Mar-22,42222.32,1558,-0.36,-0.45,5,51,2022-
1609,23-Mar-22,42372.67,1558,-0.36,-0.45,5,52,2022-
1610,26-Mar-22,44334.33,1558,-0.33,-0.45,5,53,2022-
1611,29-Mar-22,47115.93,1558,-0.29,-0.45,5,54,2022-
1612,1-Apr-22,45539.22,1558,-0.31,-0.45,5,55,2022-
1613,4-Apr-22,46425.52,1558,-0.3,-0.45,5,56,2022-
1614,7-Apr-22,43190.18,1558,-0.35,-0.45,5,57,2022-
1615,10-Apr-22,42787.69,1558,-0.35,-0.45,5,58,2022-
1616,13-Apr-22,40102.2,1558,-0.39,-0.45,5,59,2022-
1617,16-Apr-22,40566.2,1558,-0.39,-0.45,5,60,2022-
1618,19-Apr-22,40805.72,1558,-0.38,-0.45,5,61,2022-
1619,22-Apr-22,40514.01,1558,-0.39,-0.45,5,62,2022-
1620,25-Apr-22,39465.57,1558,-0.4,-0.45,5,63,2022-
1621,28-Apr-22,39249.28,1558,-0.41,-0.45,5,64,2022-
1622,1-May-22,37661.19,1558,-0.43,-0.45,5,65,2022-
1623,4-May-22,37727.19,1558,-0.43,-0.45,5,66,2022-
1624,7-May-22,36013.03,1558,-0.45,-0.45,5,67,2022-
1625,10-May-22,30175.71,1558,-0.54,-0.54,5,68,2022-
1626,13-May-22,28931.14,1558,-0.56,-0.56,5,69,2022-
1627,16-May-22,31277.43,1558,-0.53,-0.56,5,70,2022-
1628,19-May-22,28680.97,1558,-0.57,-0.57,5,71,2022-
1629,22-May-22,29409.92,1558,-0.55,-0.57,5,72,2022-
1630,25-May-22,29634.57,1558,-0.55,-0.57,5,73,2022-
1631,28-May-22,28578.89,1558,-0.57,-0.57,5,74,2022-
1632,31-May-22,31715.58,1558,-0.52,-0.57,5,75,2022-
1633,3-Jun-22,30429.88,1558,-0.54,-0.57,5,76,2022-
1634,6-Jun-22,29901.35,1558,-0.55,-0.57,5,77,2022-
1635,9-Jun-22,30189.25,1558,-0.54,-0.57,5,78,2022-
1636,12-Jun-22,28344.5,1558,-0.57,-0.57,5,79,2022-
1637,15-Jun-22,22189.29,1558,-0.66,-0.66,5,80,2022-
1638,18-Jun-22,20434.75,1558,-0.69,-0.69,5,81,2022-
1639,21-Jun-22,20582.29,1558,-0.69,-0.69,5,82,2022-
1640,24-Jun-22,21088.3,1558,-0.68,-0.69,5,83,2022-
1641,27-Jun-22,21020.04,1558,-0.68,-0.69,5,84,2022-
1642,30-Jun-22,20085.93,1558,-0.7,-0.7,5,85,2022-
1643,3-Jul-22,19224.75,1558,-0.71,-0.71,5,86,2022-
1644,6-Jul-22,20181.91,1558,-0.69,-0.71,5,87,2022-
1645,9-Jul-22,21636.45,1558,-0.67,-0.71,5,88,2022-
1646,12-Jul-22,19946.31,1558,-0.7,-0.71,5,89,2022-
1647,15-Jul-22,20568.9,1558,-0.69,-0.71,5,90,2022-
1648,18-Jul-22,20774.23,1558,-0.69,-0.71,5,91,2022-
1649,21-Jul-22,23227.22,1558,-0.65,-0.71,5,92,2022-
1650,24-Jul-22,22461.7,1558,-0.66,-0.71,5,93,2022-
